template_name,template_type,epoch_index,epoch_age,excluded_self,best_match_name,best_match_type,best_match_redshift,best_match_rlap
ASASSN-15ga,Ia,0,10.0,False,,,,
ASASSN-15ga,Ia,1,17.0,False,,,,
ASASSN-15ga,Ia,2,26.0,False,,,,
ASASSN-15hy,Ia,0,102.0,False,,,,
iPTF14atg,Ia,0,-11.0,False,,,,
iPTF14atg,Ia,1,-6.0,False,,,,
iPTF14atg,Ia,2,6.0,False,,,,
iPTF14atg,Ia,3,38.0,False,,,,
iPTF14atg,Ia,4,70.0,False,,,,
LSQ12fhs,Ia,0,11.0,False,,,,
LSQ12fhs,Ia,1,17.0,False,,,,
LSQ12fhs,Ia,2,34.0,False,,,,
LSQ12gdj,Ia,0,-8.0,False,,,,
LSQ12gdj,Ia,1,-6.0,False,,,,
LSQ12gdj,Ia,2,2.0,False,,,,
LSQ12gdj,Ia,3,15.0,False,,,,
LSQ12gdj,Ia,4,23.0,False,,,,
LSQ12gdj,Ia,5,32.0,False,,,,
LSQ15adm,Ia,0,16.0,False,,,,
LSQ15adm,Ia,1,19.0,False,,,,
LSQ15adm,Ia,2,24.0,False,,,,
LSQ15adm,Ia,3,32.0,False,,,,
LSQ15adm,Ia,4,143.0,False,,,,
LSQ15adm,Ia,5,149.0,False,,,,
OGLE2012sn04,Ia,0,48.0,False,,,,
OGLE2012sn04,Ia,1,77.0,False,,Galaxy,-0.000169,13.762
OGLE2012sn04,Ia,2,115.0,False,,Galaxy,0.000176,25.646
PSNJ15053007,Ia,0,0.0,False,,,,
PSNJ15053007,Ia,1,8.0,False,,,,
PSNJ15053007,Ia,2,21.0,False,,,,
PSNJ15053007,Ia,3,30.0,False,,,,
sn1981B,Ia,0,-1.5,False,,,,
sn1981B,Ia,1,15.4,False,,,,
sn1981B,Ia,2,18.3,False,,,,
sn1981B,Ia,3,22.3,False,,,,
sn1981B,Ia,4,26.3,False,,,,
sn1981B,Ia,5,33.2,False,,,,
sn1981B,Ia,6,92.9,False,,,,
sn1981B,Ia,7,113.7,False,,,,
sn1981B,Ia,8,266.8,False,,,,
sn1984A,Ia,0,-7.0,False,,,,
sn1984A,Ia,1,-6.7,False,,,,
sn1984A,Ia,2,-5.9,False,,,,
sn1984A,Ia,3,-4.9,False,,,,
sn1984A,Ia,4,-2.8,False,,,,
sn1984A,Ia,5,8.1,False,,,,
sn1984A,Ia,6,17.0,False,,,,
sn1984A,Ia,7,19.1,False,,,,
sn1984A,Ia,8,26.2,False,,,,
sn1984A,Ia,9,54.9,False,,,,
sn1986G,Ia,0,-4.7,False,,,,
sn1986G,Ia,1,-3.7,False,,,,
sn1986G,Ia,2,1.3,False,,,,
sn1986G,Ia,3,20.7,False,,,,
sn1986G,Ia,4,21.7,False,,,,
sn1986G,Ia,5,22.7,False,,,,
sn1986G,Ia,6,31.7,False,,,,
sn1986G,Ia,7,41.2,False,,,,
sn1986G,Ia,8,44.2,False,,,,
sn1986G,Ia,9,45.2,False,,,,
sn1986G,Ia,10,49.2,False,,,,
sn1986G,Ia,11,51.7,False,,,,
sn1986G,Ia,12,-3.0,False,,,,
sn1986G,Ia,13,53.7,False,,,,
sn1986G,Ia,14,54.2,False,,,,
sn1986G,Ia,15,55.7,False,,,,
sn1986G,Ia,16,56.2,False,,,,
sn1986G,Ia,17,89.6,False,,,,
sn1986G,Ia,18,102.6,False,,,,
sn1986G,Ia,19,256.3,False,,,,
sn1986G,Ia,20,323.2,False,,,,
sn1986G,Ia,21,-2.7,False,,,,
sn1986G,Ia,22,-2.2,False,,,,
sn1986G,Ia,23,-1.2,False,,,,
sn1986G,Ia,24,-0.7,False,,,,
sn1986G,Ia,25,-0.2,False,,,,
sn1986G,Ia,26,0.3,False,,,,
sn1986G,Ia,27,0.8,False,,,,
sn1989B,Ia,0,-7.2,False,,,,
sn1989B,Ia,1,-1.3,False,,,,
sn1989B,Ia,2,15.5,False,,,,
sn1989B,Ia,3,16.5,False,,,,
sn1989B,Ia,4,17.5,False,,,,
sn1989B,Ia,5,18.5,False,,,,
sn1989B,Ia,6,19.5,False,,,,
sn1989B,Ia,7,20.5,False,,,,
sn1989B,Ia,8,21.5,False,,,,
sn1989B,Ia,9,22.5,False,,,,
sn1989B,Ia,10,23.5,False,,,,
sn1989B,Ia,11,24.5,False,,,,
sn1989B,Ia,12,2.6,False,,,,
sn1989B,Ia,13,30.5,False,,,,
sn1989B,Ia,14,36.4,False,,,,
sn1989B,Ia,15,48.3,False,,,,
sn1989B,Ia,16,50.1,False,,,,
sn1989B,Ia,17,329.8,False,,,,
sn1989B,Ia,18,4.6,False,,,,
sn1989B,Ia,19,6.6,False,,,,
sn1989B,Ia,20,8.6,False,,,,
sn1989B,Ia,21,10.6,False,,,,
sn1989B,Ia,22,11.6,False,,,,
sn1989B,Ia,23,12.6,False,,,,
sn1989B,Ia,24,13.6,False,,,,
sn1990N,Ia,0,-14.2,False,,,,
sn1990N,Ia,1,-7.4,False,,,,
sn1990N,Ia,2,245.2,False,,,,
sn1990N,Ia,3,254.9,False,,,,
sn1990N,Ia,4,279.7,False,,,,
sn1990N,Ia,5,308.8,False,,,,
sn1990N,Ia,6,331.5,False,,,,
sn1990N,Ia,7,1.6,False,,,,
sn1990N,Ia,8,3.9,False,,,,
sn1990N,Ia,9,13.5,False,,,,
sn1990N,Ia,10,16.7,False,,,,
sn1990N,Ia,11,37.4,False,,,,
sn1990N,Ia,12,212.3,False,,,,
sn1990N,Ia,13,227.0,False,,,,
sn1990N,Ia,14,244.2,False,,,,
sn1990O,Ia,0,-7.6,False,,,,
sn1990O,Ia,1,-6.6,False,,,,
sn1990O,Ia,2,-5.6,False,,,,
sn1990O,Ia,3,-0.9,False,,,,
sn1990O,Ia,4,18.6,False,,,,
sn1990O,Ia,5,19.4,False,,,,
sn1991bg,Ia,0,0.9,False,,,,
sn1991bg,Ia,1,1.9,False,,,,
sn1991bg,Ia,2,28.9,False,,,,
sn1991bg,Ia,3,32.1,False,,,,
sn1991bg,Ia,4,33.1,False,,,,
sn1991bg,Ia,5,33.8,False,,,,
sn1991bg,Ia,6,45.7,False,,,,
sn1991bg,Ia,7,45.9,False,,,,
sn1991bg,Ia,8,49.9,False,,,,
sn1991bg,Ia,9,52.8,False,,,,
sn1991bg,Ia,10,52.9,False,,,,
sn1991bg,Ia,11,53.9,False,,,,
sn1991bg,Ia,12,2.1,False,,,,
sn1991bg,Ia,13,87.5,False,,,,
sn1991bg,Ia,14,112.6,False,,,,
sn1991bg,Ia,15,116.6,False,,,,
sn1991bg,Ia,16,116.7,False,,,,
sn1991bg,Ia,17,142.4,False,,,,
sn1991bg,Ia,18,202.1,False,,,,
sn1991bg,Ia,19,2.1,False,,,,
sn1991bg,Ia,20,14.1,False,,,,
sn1991bg,Ia,21,15.8,False,,,,
sn1991bg,Ia,22,18.0,False,,,,
sn1991bg,Ia,23,18.3,False,,,,
sn1991bg,Ia,24,19.6,False,,,,
sn1991bg,Ia,25,25.0,False,,,,
sn1991M,Ia,0,2.7,False,,,,
sn1991M,Ia,1,24.8,False,,,,
sn1991M,Ia,2,25.8,False,,,,
sn1991M,Ia,3,27.5,False,,,,
sn1991M,Ia,4,80.0,False,,,,
sn1991M,Ia,5,111.8,False,,,,
sn1991T,Ia,0,-12.8,False,,,,
sn1991T,Ia,1,-11.7,False,,,,
sn1991T,Ia,2,23.5,False,,,,
sn1991T,Ia,3,44.3,False,,,,
sn1991T,Ia,4,45.2,False,,,,
sn1991T,Ia,5,66.2,False,,,,
sn1991T,Ia,6,73.8,False,,,,
sn1991T,Ia,7,259.0,False,,,,
sn1991T,Ia,8,-10.7,False,,,,
sn1991T,Ia,9,-8.7,False,,,,
sn1991T,Ia,10,-7.7,False,,,,
sn1991T,Ia,11,-6.7,False,,,,
sn1991T,Ia,12,-1.5,False,,,,
sn1991T,Ia,13,9.5,False,,,,
sn1991T,Ia,14,14.5,False,,,,
sn1991T,Ia,15,17.3,False,,,,
sn1992A,Ia,0,-5.4,False,,,,
sn1992A,Ia,1,-0.8,False,,,,
sn1992A,Ia,2,23.8,False,,,,
sn1992A,Ia,3,27.8,False,,,,
sn1992A,Ia,4,225.0,False,,,,
sn1992A,Ia,5,2.0,False,,,,
sn1992A,Ia,6,5.5,False,,,,
sn1992A,Ia,7,5.9,False,,,,
sn1992A,Ia,8,6.9,False,,,,
sn1992A,Ia,9,8.2,False,,,,
sn1992A,Ia,10,11.2,False,,,,
sn1992A,Ia,11,15.8,False,,,,
sn1992A,Ia,12,16.8,False,,,,
sn1993ac,Ia,0,6.9,False,,,,
sn1994ae,Ia,0,0.0,False,,,,
sn1994ae,Ia,1,0.9,False,,,,
sn1994ae,Ia,2,28.8,False,,,,
sn1994ae,Ia,3,34.8,False,,,,
sn1994ae,Ia,4,38.7,False,,,,
sn1994ae,Ia,5,62.6,False,,,,
sn1994ae,Ia,6,68.6,False,,,,
sn1994ae,Ia,7,86.4,False,,,,
sn1994ae,Ia,8,152.0,False,,,,
sn1994ae,Ia,9,366.3,False,,,,
sn1994ae,Ia,10,2.0,False,,,,
sn1994ae,Ia,11,3.0,False,,,,
sn1994ae,Ia,12,4.0,False,,,,
sn1994ae,Ia,13,5.0,False,,,,
sn1994ae,Ia,14,7.9,False,,,,
sn1994ae,Ia,15,8.0,False,,,,
sn1994ae,Ia,16,9.0,False,,,,
sn1994ae,Ia,17,9.9,False,,,,
sn1994D,Ia,0,-11.2,False,,,,
sn1994D,Ia,1,-11.1,False,,,,
sn1994D,Ia,2,-4.3,False,,,,
sn1994D,Ia,3,-4.1,False,,,,
sn1994D,Ia,4,-3.1,False,,,,
sn1994D,Ia,5,-2.3,False,,,,
sn1994D,Ia,6,-0.1,False,,,,
sn1994D,Ia,7,9.6,False,,,,
sn1994D,Ia,8,10.8,False,,,,
sn1994D,Ia,9,12.8,False,,,,
sn1994D,Ia,10,14.8,False,,,,
sn1994D,Ia,11,16.7,False,,,,
sn1994D,Ia,12,-10.1,False,,,,
sn1994D,Ia,13,16.9,False,,,,
sn1994D,Ia,14,19.7,False,,,,
sn1994D,Ia,15,20.7,False,,,,
sn1994D,Ia,16,23.7,False,,,,
sn1994D,Ia,17,39.7,False,,,,
sn1994D,Ia,18,42.6,False,,,,
sn1994D,Ia,19,45.7,False,,,,
sn1994D,Ia,20,49.5,False,,,,
sn1994D,Ia,21,49.5,False,,,,
sn1994D,Ia,22,53.4,False,,,,
sn1994D,Ia,23,-10.0,False,,,,
sn1994D,Ia,24,54.6,False,,,,
sn1994D,Ia,25,55.5,False,,,,
sn1994D,Ia,26,56.5,False,,,,
sn1994D,Ia,27,58.5,False,,,,
sn1994D,Ia,28,72.5,False,,,,
sn1994D,Ia,29,74.5,False,,,,
sn1994D,Ia,30,82.5,False,,,,
sn1994D,Ia,31,105.2,False,,,,
sn1994D,Ia,32,611.2,False,,,,
sn1994D,Ia,33,-9.2,False,,,,
sn1994D,Ia,34,-8.2,False,,,,
sn1994D,Ia,35,-8.1,False,,,,
sn1994D,Ia,36,-6.1,False,,,,
sn1994D,Ia,37,-5.3,False,,,,
sn1994D,Ia,38,-5.1,False,,,,
sn1994M,Ia,0,1.6,False,,,,
sn1994M,Ia,1,2.6,False,,,,
sn1994M,Ia,2,3.7,False,,,,
sn1994M,Ia,3,4.7,False,,,,
sn1994M,Ia,4,5.6,False,,,,
sn1994M,Ia,5,6.6,False,,,,
sn1994M,Ia,6,11.5,False,,,,
sn1994M,Ia,7,12.5,False,,,,
sn1994M,Ia,8,32.7,False,,,,
sn1994M,Ia,9,39.8,False,,,,
sn1994Q,Ia,0,10.9,False,,,,
sn1994Q,Ia,1,11.6,False,,,,
sn1994Q,Ia,2,11.8,False,,,,
sn1994Q,Ia,3,12.8,False,,,,
sn1994Q,Ia,4,18.6,False,,,,
sn1994Q,Ia,5,41.6,False,,,,
sn1994S,Ia,0,-4.0,False,,,,
sn1994S,Ia,1,-3.0,False,,,,
sn1994S,Ia,2,0.9,False,,,,
sn1994S,Ia,3,20.3,False,,,,
sn1994S,Ia,4,26.5,False,,,,
sn1994T,Ia,0,-0.2,False,,,,
sn1994T,Ia,1,0.8,False,,,,
sn1994T,Ia,2,0.8,False,,,,
sn1994T,Ia,3,1.7,False,,,,
sn1994T,Ia,4,4.7,False,,,,
sn1995ac,Ia,0,-5.5,False,,,,
sn1995ac,Ia,1,23.9,False,,,,
sn1995ak,Ia,0,13.4,False,,,,
sn1995ak,Ia,1,17.4,False,,,,
sn1995ak,Ia,2,22.3,False,,,,
sn1995ak,Ia,3,26.1,False,,,,
sn1995ak,Ia,4,50.5,False,,,,
sn1995ak,Ia,5,73.9,False,,,,
sn1995al,Ia,0,6.4,False,,,,
sn1995al,Ia,1,8.4,False,,,,
sn1995al,Ia,2,44.2,False,,,,
sn1995al,Ia,3,67.9,False,,,,
sn1995al,Ia,4,93.8,False,,,,
sn1995al,Ia,5,10.4,False,,,,
sn1995al,Ia,6,13.3,False,,,,
sn1995al,Ia,7,15.4,False,,,,
sn1995al,Ia,8,16.4,False,,,,
sn1995al,Ia,9,16.4,False,,,,
sn1995al,Ia,10,18.3,False,,,,
sn1995al,Ia,11,19.4,False,,,,
sn1995al,Ia,12,25.2,False,,,,
sn1995bd,Ia,0,-12.0,False,,,,
sn1995bd,Ia,1,-10.1,False,,,,
sn1995bd,Ia,2,-9.1,False,,,,
sn1995bd,Ia,3,-7.1,False,,,,
sn1995bd,Ia,4,10.6,False,,,,
sn1995bd,Ia,5,20.4,False,,,,
sn1995bd,Ia,6,36.2,False,,,,
sn1995bd,Ia,7,71.6,False,,,,
sn1995D,Ia,0,3.6,False,,,,
sn1995D,Ia,1,5.5,False,,,,
sn1995D,Ia,2,69.0,False,,,,
sn1995D,Ia,3,92.9,False,,,,
sn1995D,Ia,4,274.9,False,,,,
sn1995D,Ia,5,282.8,False,,,,
sn1995D,Ia,6,7.5,False,,,,
sn1995D,Ia,7,9.5,False,,,,
sn1995D,Ia,8,11.5,False,,,,
sn1995D,Ia,9,14.5,False,,,,
sn1995D,Ia,10,16.5,False,,,,
sn1995D,Ia,11,38.2,False,,,,
sn1995D,Ia,12,42.2,False,,,,
sn1995D,Ia,13,64.0,False,,,,
sn1995E,Ia,0,-2.9,False,,,,
sn1995E,Ia,1,-0.9,False,,,,
sn1995E,Ia,2,1.0,False,,,,
sn1995E,Ia,3,3.9,False,,,,
sn1995E,Ia,4,5.9,False,,,,
sn1995E,Ia,5,8.9,False,,,,
sn1995E,Ia,6,31.6,False,,,,
sn1996ab,Ia,0,1.3,False,,,,
sn1996ai,Ia,0,-0.9,False,,,,
sn1996ai,Ia,1,0.1,False,,,,
sn1996ai,Ia,2,2.2,False,,,,
sn1996ai,Ia,3,4.2,False,,,,
sn1996ai,Ia,4,15.1,False,,,,
sn1996ai,Ia,5,25.0,False,,,,
sn1996bk,Ia,0,2.5,False,,,,
sn1996bl,Ia,0,-4.0,False,,,,
sn1996bl,Ia,1,-2.2,False,,,,
sn1996bl,Ia,2,13.3,False,,,,
sn1996bl,Ia,3,18.1,False,,,,
sn1996bo,Ia,0,3.3,False,,,,
sn1996bo,Ia,1,5.2,False,,,,
sn1996bo,Ia,2,7.1,False,,,,
sn1996bo,Ia,3,9.2,False,,,,
sn1996bo,Ia,4,11.1,False,,,,
sn1996bv,Ia,0,45.6,False,,,,
sn1996C,Ia,0,2.0,False,,,,
sn1996C,Ia,1,4.8,False,,,,
sn1996C,Ia,2,7.8,False,,,,
sn1996X,Ia,0,-3.8,False,,,,
sn1996X,Ia,1,-2.8,False,,,,
sn1996X,Ia,2,7.1,False,,,,
sn1996X,Ia,3,7.1,False,,,,
sn1996X,Ia,4,8.1,False,,,,
sn1996X,Ia,5,11.9,False,,,,
sn1996X,Ia,6,20.0,False,,,,
sn1996X,Ia,7,21.7,False,,,,
sn1996X,Ia,8,22.0,False,,,,
sn1996X,Ia,9,24.0,False,,,,
sn1996X,Ia,10,27.9,False,,,,
sn1996X,Ia,11,30.9,False,,,,
sn1996X,Ia,12,-1.8,False,,,,
sn1996X,Ia,13,32.9,False,,,,
sn1996X,Ia,14,48.7,False,,,,
sn1996X,Ia,15,55.6,False,,,,
sn1996X,Ia,16,56.6,False,,,,
sn1996X,Ia,17,57.8,False,,,,
sn1996X,Ia,18,86.9,False,,,,
sn1996X,Ia,19,296.2,False,,,,
sn1996X,Ia,20,-1.7,False,,,,
sn1996X,Ia,21,-0.8,False,,,,
sn1996X,Ia,22,0.1,False,,,,
sn1996X,Ia,23,0.2,False,,,,
sn1996X,Ia,24,1.1,False,,,,
sn1996X,Ia,25,1.2,False,,,,
sn1996X,Ia,26,2.2,False,,,,
sn1996Z,Ia,0,4.1,False,,,,
sn1996Z,Ia,1,6.1,False,,,,
sn1996Z,Ia,2,8.1,False,,,,
sn1996Z,Ia,3,10.1,False,,,,
sn1996Z,Ia,4,14.0,False,,,,
sn1996Z,Ia,5,23.0,False,,,,
sn1997bp,Ia,0,-3.0,False,,,,
sn1997bp,Ia,1,-1.2,False,,,,
sn1997bp,Ia,2,49.3,False,,,,
sn1997bp,Ia,3,54.3,False,,,,
sn1997bp,Ia,4,60.2,False,,,,
sn1997bp,Ia,5,-0.2,False,,,,
sn1997bp,Ia,6,0.8,False,,,,
sn1997bp,Ia,7,1.8,False,,,,
sn1997bp,Ia,8,2.8,False,,,,
sn1997bp,Ia,9,3.8,False,,,,
sn1997bp,Ia,10,18.6,False,,,,
sn1997bp,Ia,11,27.4,False,,,,
sn1997bp,Ia,12,31.5,False,,,,
sn1997bq,Ia,0,-11.6,False,,,,
sn1997bq,Ia,1,-10.6,False,,,,
sn1997bq,Ia,2,19.1,False,,,,
sn1997bq,Ia,3,40.9,False,,,,
sn1997bq,Ia,4,46.9,False,,,,
sn1997bq,Ia,5,-9.6,False,,,,
sn1997bq,Ia,6,-8.7,False,,,,
sn1997bq,Ia,7,-7.7,False,,,,
sn1997bq,Ia,8,-6.6,False,,,,
sn1997bq,Ia,9,-5.6,False,,,,
sn1997bq,Ia,10,9.2,False,,,,
sn1997bq,Ia,11,11.2,False,,,,
sn1997bq,Ia,12,12.2,False,,,,
sn1997br,Ia,0,-9.6,False,,,,
sn1997br,Ia,1,-8.6,False,,,,
sn1997br,Ia,2,11.9,False,,,,
sn1997br,Ia,3,16.8,False,,,,
sn1997br,Ia,4,20.8,False,,,,
sn1997br,Ia,5,23.1,False,,,,
sn1997br,Ia,6,37.0,False,,,,
sn1997br,Ia,7,37.6,False,,,,
sn1997br,Ia,8,41.5,False,,,,
sn1997br,Ia,9,48.5,False,,,,
sn1997br,Ia,10,49.9,False,,,,
sn1997br,Ia,11,65.8,False,,,,
sn1997br,Ia,12,-8.0,False,,,,
sn1997br,Ia,13,71.3,False,,,,
sn1997br,Ia,14,-7.6,False,,,,
sn1997br,Ia,15,-7.0,False,,,,
sn1997br,Ia,16,-6.6,False,,,,
sn1997br,Ia,17,-4.6,False,,,,
sn1997br,Ia,18,7.2,False,,,,
sn1997br,Ia,19,7.9,False,,,,
sn1997br,Ia,20,9.9,False,,,,
sn1997cn,Ia,0,3.9,False,,,,
sn1997cn,Ia,1,10.9,False,,,,
sn1997cn,Ia,2,21.7,False,,,,
sn1997cn,Ia,3,23.7,False,,,,
sn1997cn,Ia,4,43.4,False,,,,
sn1997cn,Ia,5,11.9,False,,,,
sn1997cn,Ia,6,13.0,False,,,,
sn1997cn,Ia,7,14.0,False,,,,
sn1997cn,Ia,8,15.0,False,,,,
sn1997cn,Ia,9,15.8,False,,,,
sn1997cn,Ia,10,17.9,False,,,,
sn1997cn,Ia,11,19.7,False,,,,
sn1997cn,Ia,12,20.8,False,,,,
sn1997do,Ia,0,-11.6,False,,,,
sn1997do,Ia,1,-10.6,False,,,,
sn1997do,Ia,2,20.0,False,,,,
sn1997do,Ia,3,20.9,False,,,,
sn1997do,Ia,4,21.0,False,,,,
sn1997do,Ia,5,47.8,False,,,,
sn1997do,Ia,6,-7.6,False,,,,
sn1997do,Ia,7,-6.6,False,,,,
sn1997do,Ia,8,8.2,False,,,,
sn1997do,Ia,9,10.2,False,,,,
sn1997do,Ia,10,11.1,False,,,,
sn1997do,Ia,11,12.1,False,,,,
sn1997do,Ia,12,14.2,False,,,,
sn1997do,Ia,13,15.3,False,,,,
sn1997dt,Ia,0,-10.6,False,,,,
sn1997dt,Ia,1,-9.7,False,,,,
sn1997dt,Ia,2,-8.7,False,,,,
sn1997dt,Ia,3,-7.7,False,,,,
sn1997dt,Ia,4,-4.7,False,,,,
sn1997dt,Ia,5,0.2,False,,,,
sn1997dt,Ia,6,2.2,False,,,,
sn1997E,Ia,0,-3.7,False,,,,
sn1997E,Ia,1,11.2,False,,,,
sn1997E,Ia,2,20.0,False,,,,
sn1997E,Ia,3,40.6,False,,,,
sn1997Y,Ia,0,1.9,False,,,,
sn1997Y,Ia,1,2.9,False,,,,
sn1997Y,Ia,2,6.9,False,,,,
sn1997Y,Ia,3,22.5,False,,,,
sn1998ab,Ia,0,-7.8,False,,,,
sn1998ab,Ia,1,6.7,False,,,,
sn1998ab,Ia,2,35.9,False,,,,
sn1998ab,Ia,3,45.7,False,,,,
sn1998ab,Ia,4,7.7,False,,,,
sn1998ab,Ia,5,17.5,False,,,,
sn1998ab,Ia,6,18.4,False,,,,
sn1998ab,Ia,7,19.4,False,,,,
sn1998ab,Ia,8,20.4,False,,,,
sn1998ab,Ia,9,21.3,False,,,,
sn1998ab,Ia,10,22.3,False,,,,
sn1998ab,Ia,11,34.0,False,,,,
sn1998aq,Ia,0,-9.9,False,,,,
sn1998aq,Ia,1,-8.9,False,,,,
sn1998aq,Ia,2,17.9,False,,,,
sn1998aq,Ia,3,19.9,False,,,,
sn1998aq,Ia,4,29.9,False,,,,
sn1998aq,Ia,5,30.9,False,,,,
sn1998aq,Ia,6,32.9,False,,,,
sn1998aq,Ia,7,34.9,False,,,,
sn1998aq,Ia,8,49.8,False,,,,
sn1998aq,Ia,9,53.8,False,,,,
sn1998aq,Ia,10,56.8,False,,,,
sn1998aq,Ia,11,58.7,False,,,,
sn1998aq,Ia,12,-0.9,False,,,,
sn1998aq,Ia,13,61.7,False,,,,
sn1998aq,Ia,14,64.7,False,,,,
sn1998aq,Ia,15,77.7,False,,,,
sn1998aq,Ia,16,80.7,False,,,,
sn1998aq,Ia,17,89.6,False,,,,
sn1998aq,Ia,18,229.4,False,,,,
sn1998aq,Ia,19,239.4,False,,,,
sn1998aq,Ia,20,0.0,False,,,,
sn1998aq,Ia,21,1.0,False,,,,
sn1998aq,Ia,22,2.0,False,,,,
sn1998aq,Ia,23,3.0,False,,,,
sn1998aq,Ia,24,4.0,False,,,,
sn1998aq,Ia,25,5.0,False,,,,
sn1998aq,Ia,26,6.0,False,,,,
sn1998bp,Ia,0,-2.9,False,,,,
sn1998bp,Ia,1,-1.9,False,,,,
sn1998bp,Ia,2,29.6,False,,,,
sn1998bp,Ia,3,-0.9,False,,,,
sn1998bp,Ia,4,0.1,False,,,,
sn1998bp,Ia,5,1.0,False,,,,
sn1998bp,Ia,6,12.9,False,,,,
sn1998bp,Ia,7,14.8,False,,,,
sn1998bp,Ia,8,24.8,False,,,,
sn1998bp,Ia,9,25.8,False,,,,
sn1998bp,Ia,10,27.7,False,,,,
sn1998bu,Ia,0,-3.6,False,,,,
sn1998bu,Ia,1,-2.6,False,,,,
sn1998bu,Ia,2,28.3,False,,,,
sn1998bu,Ia,3,29.3,False,,,,
sn1998bu,Ia,4,30.3,False,,,,
sn1998bu,Ia,5,31.3,False,,,,
sn1998bu,Ia,6,32.3,False,,,,
sn1998bu,Ia,7,33.3,False,,,,
sn1998bu,Ia,8,34.3,False,,,,
sn1998bu,Ia,9,35.3,False,,,,
sn1998bu,Ia,10,36.3,False,,,,
sn1998bu,Ia,11,37.3,False,,,,
sn1998bu,Ia,12,-1.6,False,,,,
sn1998bu,Ia,13,38.4,False,,,,
sn1998bu,Ia,14,39.3,False,,,,
sn1998bu,Ia,15,40.3,False,,,,
sn1998bu,Ia,16,41.3,False,,,,
sn1998bu,Ia,17,42.3,False,,,,
sn1998bu,Ia,18,43.3,False,,,,
sn1998bu,Ia,19,56.3,False,,,,
sn1998bu,Ia,20,178.3,False,,,,
sn1998bu,Ia,21,189.3,False,,,,
sn1998bu,Ia,22,207.2,False,,,,
sn1998bu,Ia,23,8.4,False,,,,
sn1998bu,Ia,24,216.1,False,,,,
sn1998bu,Ia,25,242.0,False,,,,
sn1998bu,Ia,26,247.8,False,,,,
sn1998bu,Ia,27,327.5,False,,,,
sn1998bu,Ia,28,9.4,False,,,,
sn1998bu,Ia,29,10.4,False,,,,
sn1998bu,Ia,30,11.4,False,,,,
sn1998bu,Ia,31,12.4,False,,,,
sn1998bu,Ia,32,13.4,False,,,,
sn1998bu,Ia,33,27.4,False,,,,
sn1998co,Ia,0,0.0,False,,,,
sn1998co,Ia,1,1.0,False,,,,
sn1998co,Ia,2,3.9,False,,,,
sn1998co,Ia,3,6.9,False,,,,
sn1998co,Ia,4,22.5,False,,,,
sn1998co,Ia,5,24.6,False,,,,
sn1998co,Ia,6,28.4,False,,,,
sn1998de,Ia,0,-7.2,False,,,,
sn1998de,Ia,1,-6.2,False,,,,
sn1998de,Ia,2,-5.2,False,,,,
sn1998de,Ia,3,-3.2,False,,,,
sn1998de,Ia,4,-2.2,False,,,,
sn1998de,Ia,5,-0.3,False,,,,
sn1998de,Ia,6,2.7,False,,,,
sn1998dh,Ia,0,-9.4,False,,,,
sn1998dh,Ia,1,-8.4,False,,,,
sn1998dh,Ia,2,-7.5,False,,,,
sn1998dh,Ia,3,-5.4,False,,,,
sn1998dh,Ia,4,-3.5,False,,,,
sn1998dh,Ia,5,-0.6,False,,,,
sn1998dh,Ia,6,36.1,False,,,,
sn1998dh,Ia,7,40.1,False,,,,
sn1998dh,Ia,8,43.1,False,,,,
sn1998dh,Ia,9,45.0,False,,,,
sn1998dk,Ia,0,10.2,False,,,,
sn1998dk,Ia,1,11.1,False,,,,
sn1998dk,Ia,2,13.1,False,,,,
sn1998dk,Ia,3,16.1,False,,,,
sn1998dk,Ia,4,18.1,False,,,,
sn1998dk,Ia,5,21.0,False,,,,
sn1998dk,Ia,6,23.0,False,,,,
sn1998dk,Ia,7,29.9,False,,,,
sn1998dk,Ia,8,44.7,False,,,,
sn1998dm,Ia,0,6.5,False,,,,
sn1998dm,Ia,1,7.4,False,,,,
sn1998dm,Ia,2,9.5,False,,,,
sn1998dm,Ia,3,12.4,False,,,,
sn1998dm,Ia,4,14.4,False,,,,
sn1998dm,Ia,5,17.4,False,,,,
sn1998dm,Ia,6,19.4,False,,,,
sn1998dm,Ia,7,26.3,False,,,,
sn1998dm,Ia,8,41.2,False,,,,
sn1998dm,Ia,9,49.2,False,,,,
sn1998dx,Ia,0,-1.7,False,,,,
sn1998dx,Ia,1,-0.7,False,,,,
sn1998dx,Ia,2,1.1,False,,,,
sn1998dx,Ia,3,2.1,False,,,,
sn1998dx,Ia,4,5.9,False,,,,
sn1998dx,Ia,5,7.8,False,,,,
sn1998dx,Ia,6,12.5,False,,,,
sn1998ec,Ia,0,-3.9,False,,,,
sn1998ec,Ia,1,-3.0,False,,,,
sn1998ec,Ia,2,11.7,False,,,,
sn1998ec,Ia,3,19.6,False,,,,
sn1998ec,Ia,4,25.5,False,,,,
sn1998ec,Ia,5,38.2,False,,,,
sn1998ef,Ia,0,-4.5,False,,,,
sn1998ef,Ia,1,-3.6,False,,,,
sn1998ef,Ia,2,1.3,False,,,,
sn1998ef,Ia,3,18.0,False,,,,
sn1998eg,Ia,0,-0.8,False,,,,
sn1998eg,Ia,1,4.1,False,,,,
sn1998eg,Ia,2,16.8,False,,,,
sn1998eg,Ia,3,18.8,False,,,,
sn1998eg,Ia,4,22.7,False,,,,
sn1998es,Ia,0,-11.4,False,,,,
sn1998es,Ia,1,-10.3,False,,,,
sn1998es,Ia,2,-0.5,False,,,,
sn1998es,Ia,3,0.5,False,,,,
sn1998es,Ia,4,1.5,False,,,,
sn1998es,Ia,5,14.3,False,,,,
sn1998es,Ia,6,16.3,False,,,,
sn1998es,Ia,7,17.3,False,,,,
sn1998es,Ia,8,18.3,False,,,,
sn1998es,Ia,9,23.1,False,,,,
sn1998es,Ia,10,25.1,False,,,,
sn1998es,Ia,11,29.1,False,,,,
sn1998es,Ia,12,-9.4,False,,,,
sn1998es,Ia,13,44.1,False,,,,
sn1998es,Ia,14,50.9,False,,,,
sn1998es,Ia,15,55.8,False,,,,
sn1998es,Ia,16,72.7,False,,,,
sn1998es,Ia,17,79.6,False,,,,
sn1998es,Ia,18,88.5,False,,,,
sn1998es,Ia,19,-8.4,False,,,,
sn1998es,Ia,20,-7.3,False,,,,
sn1998es,Ia,21,-6.4,False,,,,
sn1998es,Ia,22,-5.4,False,,,,
sn1998es,Ia,23,-4.4,False,,,,
sn1998es,Ia,24,-3.4,False,,,,
sn1998es,Ia,25,-2.4,False,,,,
sn1998V,Ia,0,0.3,False,,,,
sn1998V,Ia,1,1.3,False,,,,
sn1998V,Ia,2,2.3,False,,,,
sn1998V,Ia,3,12.1,False,,,,
sn1998V,Ia,4,13.1,False,,,,
sn1998V,Ia,5,15.0,False,,,,
sn1998V,Ia,6,30.8,False,,,,
sn1998V,Ia,7,40.6,False,,,,
sn1998V,Ia,8,43.5,False,,,,
sn1999aa,Ia,0,-9.9,False,,,,
sn1999aa,Ia,1,-9.4,False,,,,
sn1999aa,Ia,2,-2.1,False,,,,
sn1999aa,Ia,3,-1.6,False,,,,
sn1999aa,Ia,4,-0.2,False,,,,
sn1999aa,Ia,5,1.8,False,,,,
sn1999aa,Ia,6,6.7,False,,,,
sn1999aa,Ia,7,13.6,False,,,,
sn1999aa,Ia,8,14.5,False,,,,
sn1999aa,Ia,9,14.6,False,,,,
sn1999aa,Ia,10,15.6,False,,,,
sn1999aa,Ia,11,16.6,False,,,,
sn1999aa,Ia,12,-9.0,False,,,,
sn1999aa,Ia,13,20.1,False,,,,
sn1999aa,Ia,14,25.2,False,,,,
sn1999aa,Ia,15,26.5,False,,,,
sn1999aa,Ia,16,27.4,False,,,,
sn1999aa,Ia,17,28.2,False,,,,
sn1999aa,Ia,18,28.3,False,,,,
sn1999aa,Ia,19,29.3,False,,,,
sn1999aa,Ia,20,33.1,False,,,,
sn1999aa,Ia,21,40.1,False,,,,
sn1999aa,Ia,22,42.1,False,,,,
sn1999aa,Ia,23,-8.0,False,,,,
sn1999aa,Ia,24,44.1,False,,,,
sn1999aa,Ia,25,46.1,False,,,,
sn1999aa,Ia,26,48.0,False,,,,
sn1999aa,Ia,27,49.0,False,,,,
sn1999aa,Ia,28,50.0,False,,,,
sn1999aa,Ia,29,52.0,False,,,,
sn1999aa,Ia,30,52.9,False,,,,
sn1999aa,Ia,31,54.0,False,,,,
sn1999aa,Ia,32,55.9,False,,,,
sn1999aa,Ia,33,59.9,False,,,,
sn1999aa,Ia,34,-7.1,False,,,,
sn1999aa,Ia,35,71.7,False,,,,
sn1999aa,Ia,36,80.6,False,,,,
sn1999aa,Ia,37,-6.1,False,,,,
sn1999aa,Ia,38,-5.1,False,,,,
sn1999aa,Ia,39,-5.0,False,,,,
sn1999aa,Ia,40,-4.1,False,,,,
sn1999aa,Ia,41,-3.1,False,,,,
sn1999ac,Ia,0,-13.9,False,,,,
sn1999ac,Ia,1,-12.9,False,,,,
sn1999ac,Ia,2,8.8,False,,,,
sn1999ac,Ia,3,9.0,False,,,,
sn1999ac,Ia,4,10.0,False,,,,
sn1999ac,Ia,5,10.9,False,,,,
sn1999ac,Ia,6,11.8,False,,,,
sn1999ac,Ia,7,11.9,False,,,,
sn1999ac,Ia,8,16.8,False,,,,
sn1999ac,Ia,9,24.8,False,,,,
sn1999ac,Ia,10,26.7,False,,,,
sn1999ac,Ia,11,28.6,False,,,,
sn1999ac,Ia,12,-9.9,False,,,,
sn1999ac,Ia,13,28.7,False,,,,
sn1999ac,Ia,14,30.7,False,,,,
sn1999ac,Ia,15,31.6,False,,,,
sn1999ac,Ia,16,32.7,False,,,,
sn1999ac,Ia,17,33.6,False,,,,
sn1999ac,Ia,18,34.7,False,,,,
sn1999ac,Ia,19,36.6,False,,,,
sn1999ac,Ia,20,38.6,False,,,,
sn1999ac,Ia,21,39.5,False,,,,
sn1999ac,Ia,22,40.5,False,,,,
sn1999ac,Ia,23,-3.9,False,,,,
sn1999ac,Ia,24,40.6,False,,,,
sn1999ac,Ia,25,54.4,False,,,,
sn1999ac,Ia,26,62.3,False,,,,
sn1999ac,Ia,27,86.1,False,,,,
sn1999ac,Ia,28,-2.9,False,,,,
sn1999ac,Ia,29,-2.1,False,,,,
sn1999ac,Ia,30,-0.9,False,,,,
sn1999ac,Ia,31,0.4,False,,,,
sn1999ac,Ia,32,2.7,False,,,,
sn1999ac,Ia,33,7.8,False,,,,
sn1999aw,Ia,0,-1.0,False,,,,
sn1999aw,Ia,1,0.0,False,,,,
sn1999aw,Ia,2,2.9,False,,,,
sn1999aw,Ia,3,35.6,False,,,,
sn1999bh,Ia,0,5.1,False,,,,
sn1999by,Ia,0,-5.0,False,,,,
sn1999by,Ia,1,-4.1,False,,,,
sn1999by,Ia,2,28.9,False,,,,
sn1999by,Ia,3,30.9,False,,,,
sn1999by,Ia,4,32.9,False,,,,
sn1999by,Ia,5,41.9,False,,,,
sn1999by,Ia,6,-3.0,False,,,,
sn1999by,Ia,7,2.9,False,,,,
sn1999by,Ia,8,4.0,False,,,,
sn1999by,Ia,9,5.0,False,,,,
sn1999by,Ia,10,5.9,False,,,,
sn1999by,Ia,11,6.9,False,,,,
sn1999by,Ia,12,7.9,False,,,,
sn1999by,Ia,13,24.9,False,,,,
sn1999cc,Ia,0,-3.2,False,,,,
sn1999cc,Ia,1,-1.2,False,,,,
sn1999cc,Ia,2,-0.2,False,,,,
sn1999cc,Ia,3,1.7,False,,,,
sn1999cc,Ia,4,18.2,False,,,,
sn1999cc,Ia,5,23.0,False,,,,
sn1999cc,Ia,6,24.9,False,,,,
sn1999cl,Ia,0,-8.3,False,,,,
sn1999cl,Ia,1,-7.3,False,,,,
sn1999cl,Ia,2,37.4,False,,,,
sn1999cl,Ia,3,-5.2,False,,,,
sn1999cl,Ia,4,-4.2,False,,,,
sn1999cl,Ia,5,-3.3,False,,,,
sn1999cl,Ia,6,-2.3,False,,,,
sn1999cl,Ia,7,-1.3,False,,,,
sn1999cl,Ia,8,0.7,False,,,,
sn1999cl,Ia,9,4.6,False,,,,
sn1999cl,Ia,10,7.6,False,,,,
sn1999cp,Ia,0,-14.9,False,,,,
sn1999cp,Ia,1,-13.8,False,,,,
sn1999cp,Ia,2,-11.9,False,,,,
sn1999cw,Ia,0,21.5,False,,,,
sn1999cw,Ia,1,24.5,False,,,,
sn1999da,Ia,0,-2.6,False,,,,
sn1999dk,Ia,0,-6.92,False,,,,
sn1999dk,Ia,1,16.734,False,,,,
sn1999dk,Ia,2,23.623,False,,,,
sn1999dk,Ia,3,44.203,False,,,,
sn1999dk,Ia,4,71.831,False,,,,
sn1999dq,Ia,0,-10.4,False,,,,
sn1999dq,Ia,1,-9.4,False,,,,
sn1999dq,Ia,2,1.4,False,,,,
sn1999dq,Ia,3,2.4,False,,,,
sn1999dq,Ia,4,3.4,False,,,,
sn1999dq,Ia,5,5.4,False,,,,
sn1999dq,Ia,6,17.2,False,,,,
sn1999dq,Ia,7,18.2,False,,,,
sn1999dq,Ia,8,26.1,False,,,,
sn1999dq,Ia,9,28.9,False,,,,
sn1999dq,Ia,10,47.7,False,,,,
sn1999dq,Ia,11,-8.5,False,,,,
sn1999dq,Ia,12,-7.4,False,,,,
sn1999dq,Ia,13,-6.4,False,,,,
sn1999dq,Ia,14,-5.5,False,,,,
sn1999dq,Ia,15,-4.5,False,,,,
sn1999dq,Ia,16,-3.5,False,,,,
sn1999dq,Ia,17,-2.5,False,,,,
sn1999dq,Ia,18,0.4,False,,,,
sn1999ee,Ia,0,-9.1,False,,,,
sn1999ee,Ia,1,-7.2,False,,,,
sn1999ee,Ia,2,31.5,False,,,,
sn1999ee,Ia,3,40.4,False,,,,
sn1999ee,Ia,4,-0.2,False,,,,
sn1999ee,Ia,5,1.8,False,,,,
sn1999ee,Ia,6,6.7,False,,,,
sn1999ee,Ia,7,10.6,False,,,,
sn1999ee,Ia,8,15.7,False,,,,
sn1999ee,Ia,9,19.5,False,,,,
sn1999ee,Ia,10,21.6,False,,,,
sn1999ee,Ia,11,26.6,False,,,,
sn1999ef,Ia,0,6.7,False,,,,
sn1999ef,Ia,1,7.7,False,,,,
sn1999ef,Ia,2,9.6,False,,,,
sn1999ej,Ia,0,-1.8,False,,,,
sn1999ej,Ia,1,1.1,False,,,,
sn1999ej,Ia,2,3.1,False,,,,
sn1999ej,Ia,3,8.1,False,,,,
sn1999ej,Ia,4,11.0,False,,,,
sn1999ek,Ia,0,-0.6,False,,,,
sn1999ek,Ia,1,3.3,False,,,,
sn1999ek,Ia,2,9.2,False,,,,
sn1999ek,Ia,3,12.2,False,,,,
sn1999gd,Ia,0,1.1,False,,,,
sn1999gd,Ia,1,7.9,False,,,,
sn1999gd,Ia,2,25.5,False,,,,
sn1999gd,Ia,3,29.5,False,,,,
sn1999gd,Ia,4,34.3,False,,,,
sn1999gh,Ia,0,5.5,False,,,,
sn1999gh,Ia,1,6.5,False,,,,
sn1999gh,Ia,2,40.1,False,,,,
sn1999gh,Ia,3,42.0,False,,,,
sn1999gh,Ia,4,65.8,False,,,,
sn1999gh,Ia,5,70.8,False,,,,
sn1999gh,Ia,6,72.7,False,,,,
sn1999gh,Ia,7,7.4,False,,,,
sn1999gh,Ia,8,8.4,False,,,,
sn1999gh,Ia,9,9.4,False,,,,
sn1999gh,Ia,10,11.4,False,,,,
sn1999gh,Ia,11,12.4,False,,,,
sn1999gh,Ia,12,28.2,False,,,,
sn1999gh,Ia,13,34.2,False,,,,
sn1999gh,Ia,14,36.1,False,,,,
sn1999gp,Ia,0,-4.8,False,,,,
sn1999gp,Ia,1,-2.0,False,,,,
sn1999gp,Ia,2,0.0,False,,,,
sn1999gp,Ia,3,2.9,False,,,,
sn1999gp,Ia,4,4.9,False,,,,
sn1999gp,Ia,5,6.9,False,,,,
sn1999gp,Ia,6,21.4,False,,,,
sn1999gp,Ia,7,35.1,False,,,,
sn1999gp,Ia,8,49.7,False,,,,
sn1999gp,Ia,9,54.6,False,,,,
sn1999X,Ia,0,12.0,False,,,,
sn1999X,Ia,1,13.1,False,,,,
sn1999X,Ia,2,15.0,False,,,,
sn1999X,Ia,3,16.0,False,,,,
sn1999X,Ia,4,20.8,False,,,,
sn1999X,Ia,5,28.6,False,,,,
sn2000B,Ia,0,8.6,False,,,,
sn2000B,Ia,1,13.6,False,,,,
sn2000B,Ia,2,21.5,False,,,,
sn2000B,Ia,3,38.2,False,,,,
sn2000B,Ia,4,44.0,False,,,,
sn2000bh,Ia,0,24.1,False,,,,
sn2000bk,Ia,0,11.9,False,,,,
sn2000bk,Ia,1,18.8,False,,,,
sn2000bk,Ia,2,26.5,False,,,,
sn2000ce,Ia,0,6.7,False,,,,
sn2000ce,Ia,1,8.7,False,,,,
sn2000ce,Ia,2,19.5,False,,,,
sn2000ce,Ia,3,21.5,False,,,,
sn2000cf,Ia,0,2.9,False,,,,
sn2000cf,Ia,1,3.9,False,,,,
sn2000cf,Ia,2,14.5,False,,,,
sn2000cf,Ia,3,16.4,False,,,,
sn2000cf,Ia,4,24.1,False,,,,
sn2000cf,Ia,5,25.1,False,,,,
sn2000cn,Ia,0,-9.3,False,,,,
sn2000cn,Ia,1,-8.3,False,,,,
sn2000cn,Ia,2,-7.3,False,,,,
sn2000cn,Ia,3,8.3,False,,,,
sn2000cn,Ia,4,10.2,False,,,,
sn2000cn,Ia,5,12.2,False,,,,
sn2000cn,Ia,6,20.9,False,,,,
sn2000cn,Ia,7,25.7,False,,,,
sn2000cn,Ia,8,26.8,False,,,,
sn2000cn,Ia,9,50.2,False,,,,
sn2000cp,Ia,0,-2.5,False,,,,
sn2000cp,Ia,1,-1.5,False,,,,
sn2000cp,Ia,2,-0.5,False,,,,
sn2000cu,Ia,0,7.3,False,,,,
sn2000cw,Ia,0,3.5,False,,,,
sn2000cx,Ia,0,-4.3,False,,,,
sn2000cx,Ia,1,-3.3,False,,,,
sn2000cx,Ia,2,6.6,False,,,,
sn2000cx,Ia,3,6.6,False,,,,
sn2000cx,Ia,4,8.6,False,,,,
sn2000cx,Ia,5,10.6,False,,,,
sn2000cx,Ia,6,13.6,False,,,,
sn2000cx,Ia,7,18.6,False,,,,
sn2000cx,Ia,8,21.5,False,,,,
sn2000cx,Ia,9,23.5,False,,,,
sn2000cx,Ia,10,25.5,False,,,,
sn2000cx,Ia,11,27.5,False,,,,
sn2000cx,Ia,12,-2.3,False,,,,
sn2000cx,Ia,13,29.5,False,,,,
sn2000cx,Ia,14,30.5,False,,,,
sn2000cx,Ia,15,36.3,False,,,,
sn2000cx,Ia,16,37.3,False,,,,
sn2000cx,Ia,17,39.3,False,,,,
sn2000cx,Ia,18,40.4,False,,,,
sn2000cx,Ia,19,53.2,False,,,,
sn2000cx,Ia,20,55.2,False,,,,
sn2000cx,Ia,21,60.2,False,,,,
sn2000cx,Ia,22,61.1,False,,,,
sn2000cx,Ia,23,-1.3,False,,,,
sn2000cx,Ia,24,67.0,False,,,,
sn2000cx,Ia,25,70.1,False,,,,
sn2000cx,Ia,26,92.0,False,,,,
sn2000cx,Ia,27,92.7,False,,,,
sn2000cx,Ia,28,95.9,False,,,,
sn2000cx,Ia,29,114.5,False,,,,
sn2000cx,Ia,30,118.5,False,,,,
sn2000cx,Ia,31,123.7,False,,,,
sn2000cx,Ia,32,124.4,False,,,,
sn2000cx,Ia,33,141.3,False,,,,
sn2000cx,Ia,34,-1.3,False,,,,
sn2000cx,Ia,35,145.5,False,,,,
sn2000cx,Ia,36,154.1,False,,,,
sn2000cx,Ia,37,180.9,False,,,,
sn2000cx,Ia,38,359.6,False,,,,
sn2000cx,Ia,39,-0.4,False,,,,
sn2000cx,Ia,40,-0.3,False,,,,
sn2000cx,Ia,41,0.7,False,,,,
sn2000cx,Ia,42,4.7,False,,,,
sn2000cx,Ia,43,5.7,False,,,,
sn2000dg,Ia,0,-0.8,False,,,,
sn2000dg,Ia,1,0.2,False,,,,
sn2000dg,Ia,2,3.1,False,,,,
sn2000dg,Ia,3,16.6,False,,,,
sn2000dk,Ia,0,-5.1,False,,,,
sn2000dk,Ia,1,-4.2,False,,,,
sn2000dk,Ia,2,0.8,False,,,,
sn2000dk,Ia,3,3.7,False,,,,
sn2000dk,Ia,4,9.6,False,,,,
sn2000dk,Ia,5,33.1,False,,,,
sn2000dk,Ia,6,58.6,False,,,,
sn2000dk,Ia,7,88.1,False,,,,
sn2000dm,Ia,0,-2.9,False,,,,
sn2000dn,Ia,0,-7.7,False,,,,
sn2000dn,Ia,1,-3.8,False,,,,
sn2000dn,Ia,2,-0.9,False,,,,
sn2000dn,Ia,3,45.4,False,,,,
sn2000E,Ia,0,-6.4,False,,,,
sn2000E,Ia,1,-3.4,False,,,,
sn2000E,Ia,2,-2.3,False,,,,
sn2000E,Ia,3,7.5,False,,,,
sn2000E,Ia,4,117.6,False,,,,
sn2000E,Ia,5,119.7,False,,,,
sn2000E,Ia,6,120.3,False,,,,
sn2000fa,Ia,0,-10.4,False,,,,
sn2000fa,Ia,1,-10.4,False,,,,
sn2000fa,Ia,2,20.8,False,,,,
sn2000fa,Ia,3,31.7,False,,,,
sn2000fa,Ia,4,37.5,False,,,,
sn2000fa,Ia,5,42.2,False,,,,
sn2000fa,Ia,6,99.0,False,,,,
sn2000fa,Ia,7,1.3,False,,,,
sn2000fa,Ia,8,2.2,False,,,,
sn2000fa,Ia,9,4.2,False,,,,
sn2000fa,Ia,10,9.1,False,,,,
sn2000fa,Ia,11,11.1,False,,,,
sn2000fa,Ia,12,14.0,False,,,,
sn2000fa,Ia,13,16.0,False,,,,
sn2000fa,Ia,14,18.0,False,,,,
sn2001ah,Ia,0,-9.7,False,,,,
sn2001ah,Ia,1,-8.7,False,,,,
sn2001ah,Ia,2,17.8,False,,,,
sn2001ah,Ia,3,44.3,False,,,,
sn2001ah,Ia,4,45.2,False,,,,
sn2001ay,Ia,0,-1.5,False,,,,
sn2001ay,Ia,1,1.3,False,,,,
sn2001ay,Ia,2,22.6,False,,,,
sn2001ay,Ia,3,23.3,False,,,,
sn2001ay,Ia,4,29.4,False,,,,
sn2001ay,Ia,5,29.5,False,,,,
sn2001ay,Ia,6,30.4,False,,,,
sn2001ay,Ia,7,31.4,False,,,,
sn2001ay,Ia,8,31.4,False,,,,
sn2001ay,Ia,9,36.3,False,,,,
sn2001ay,Ia,10,54.6,False,,,,
sn2001ay,Ia,11,54.7,False,,,,
sn2001ay,Ia,12,3.3,False,,,,
sn2001ay,Ia,13,3.3,False,,,,
sn2001ay,Ia,14,4.2,False,,,,
sn2001ay,Ia,15,5.8,False,,,,
sn2001ay,Ia,16,7.2,False,,,,
sn2001ay,Ia,17,7.8,False,,,,
sn2001ay,Ia,18,9.0,False,,,,
sn2001ay,Ia,19,16.5,False,,,,
sn2001az,Ia,0,-3.1,False,,,,
sn2001az,Ia,1,18.0,False,,,,
sn2001az,Ia,2,20.0,False,,,,
sn2001az,Ia,3,24.7,False,,,,
sn2001az,Ia,4,44.0,False,,,,
sn2001bf,Ia,0,0.8,False,,,,
sn2001bf,Ia,1,4.7,False,,,,
sn2001bf,Ia,2,7.6,False,,,,
sn2001bf,Ia,3,8.7,False,,,,
sn2001bf,Ia,4,12.5,False,,,,
sn2001bf,Ia,5,42.0,False,,,,
sn2001bf,Ia,6,57.7,False,,,,
sn2001bf,Ia,7,58.8,False,,,,
sn2001bf,Ia,8,64.5,False,,,,
sn2001bg,Ia,0,4.2,False,,,,
sn2001bg,Ia,1,5.1,False,,,,
sn2001bg,Ia,2,10.0,False,,,,
sn2001bg,Ia,3,14.0,False,,,,
sn2001bg,Ia,4,19.0,False,,,,
sn2001br,Ia,0,-0.4,False,,,,
sn2001br,Ia,1,2.5,False,,,,
sn2001br,Ia,2,27.0,False,,,,
sn2001cj,Ia,0,13.6,False,,,,
sn2001ck,Ia,0,4.8,False,,,,
sn2001ck,Ia,1,5.8,False,,,,
sn2001ck,Ia,2,14.4,False,,,,
sn2001ck,Ia,3,16.3,False,,,,
sn2001cp,Ia,0,-6.8,False,,,,
sn2001cp,Ia,1,-4.9,False,,,,
sn2001cp,Ia,2,-3.9,False,,,,
sn2001cp,Ia,3,-1.1,False,,,,
sn2001cp,Ia,4,0.8,False,,,,
sn2001cp,Ia,5,16.5,False,,,,
sn2001cp,Ia,6,22.3,False,,,,
sn2001cp,Ia,7,26.2,False,,,,
sn2001da,Ia,0,-2.0,False,,,,
sn2001da,Ia,1,-1.0,False,,,,
sn2001da,Ia,2,0.0,False,,,,
sn2001da,Ia,3,1.9,False,,,,
sn2001da,Ia,4,2.9,False,,,,
sn2001da,Ia,5,7.8,False,,,,
sn2001da,Ia,6,56.8,False,,,,
sn2001dw,Ia,0,11.064,False,,,,
sn2001E,Ia,0,2.8,False,,,,
sn2001E,Ia,1,7.7,False,,,,
sn2001E,Ia,2,14.6,False,,,,
sn2001eh,Ia,0,-5.9,False,,,,
sn2001eh,Ia,1,-4.9,False,,,,
sn2001eh,Ia,2,25.9,False,,,,
sn2001eh,Ia,3,26.8,False,,,,
sn2001eh,Ia,4,28.8,False,,,,
sn2001eh,Ia,5,30.8,False,,,,
sn2001eh,Ia,6,31.6,False,,,,
sn2001eh,Ia,7,32.6,False,,,,
sn2001eh,Ia,8,35.5,False,,,,
sn2001eh,Ia,9,36.5,False,,,,
sn2001eh,Ia,10,-2.0,False,,,,
sn2001eh,Ia,11,-0.1,False,,,,
sn2001eh,Ia,12,2.7,False,,,,
sn2001eh,Ia,13,3.7,False,,,,
sn2001eh,Ia,14,4.7,False,,,,
sn2001eh,Ia,15,5.7,False,,,,
sn2001eh,Ia,16,8.6,False,,,,
sn2001eh,Ia,17,24.9,False,,,,
sn2001el,Ia,0,-3.8,False,,,,
sn2001el,Ia,1,1.2,False,,,,
sn2001el,Ia,2,9.1,False,,,,
sn2001el,Ia,3,18.0,False,,,,
sn2001el,Ia,4,39.9,False,,,,
sn2001el,Ia,5,396.5,False,,,,
sn2001en,Ia,0,1.5,False,,,,
sn2001en,Ia,1,4.4,False,,,,
sn2001en,Ia,2,5.3,False,,,,
sn2001en,Ia,3,6.3,False,,,,
sn2001en,Ia,4,8.3,False,,,,
sn2001en,Ia,5,10.2,False,,,,
sn2001en,Ia,6,12.2,False,,,,
sn2001en,Ia,7,14.1,False,,,,
sn2001en,Ia,8,37.7,False,,,,
sn2001ep,Ia,0,-7.0,False,,,,
sn2001ep,Ia,1,-3.1,False,,,,
sn2001ep,Ia,2,4.8,False,,,,
sn2001ep,Ia,3,5.8,False,,,,
sn2001ep,Ia,4,6.8,False,,,,
sn2001ep,Ia,5,7.7,False,,,,
sn2001ep,Ia,6,7.8,False,,,,
sn2001ep,Ia,7,20.6,False,,,,
sn2001ep,Ia,8,28.4,False,,,,
sn2001ep,Ia,9,28.5,False,,,,
sn2001ep,Ia,10,31.5,False,,,,
sn2001ep,Ia,11,33.5,False,,,,
sn2001ep,Ia,12,-2.1,False,,,,
sn2001ep,Ia,13,35.3,False,,,,
sn2001ep,Ia,14,47.1,False,,,,
sn2001ep,Ia,15,57.0,False,,,,
sn2001ep,Ia,16,60.9,False,,,,
sn2001ep,Ia,17,66.9,False,,,,
sn2001ep,Ia,18,87.5,False,,,,
sn2001ep,Ia,19,-1.1,False,,,,
sn2001ep,Ia,20,-0.1,False,,,,
sn2001ep,Ia,21,0.8,False,,,,
sn2001ep,Ia,22,1.8,False,,,,
sn2001ep,Ia,23,2.8,False,,,,
sn2001ep,Ia,24,2.8,False,,,,
sn2001ep,Ia,25,3.8,False,,,,
sn2001ex,Ia,0,-3.4,False,,,,
sn2001fe,Ia,0,-1.7,False,,,,
sn2001fe,Ia,1,0.3,False,,,,
sn2001fe,Ia,2,53.5,False,,,,
sn2001fe,Ia,3,62.3,False,,,,
sn2001fe,Ia,4,3.2,False,,,,
sn2001fe,Ia,5,6.2,False,,,,
sn2001fe,Ia,6,21.0,False,,,,
sn2001fe,Ia,7,27.9,False,,,,
sn2001fe,Ia,8,30.8,False,,,,
sn2001fe,Ia,9,33.9,False,,,,
sn2001fe,Ia,10,37.7,False,,,,
sn2001fe,Ia,11,51.5,False,,,,
sn2001fh,Ia,0,-3.6,False,,,,
sn2001fh,Ia,1,-2.6,False,,,,
sn2001fh,Ia,2,-1.7,False,,,,
sn2001fh,Ia,3,4.2,False,,,,
sn2001fh,Ia,4,7.2,False,,,,
sn2001fh,Ia,5,9.1,False,,,,
sn2001G,Ia,0,-5.1,False,,,,
sn2001G,Ia,1,4.7,False,,,,
sn2001G,Ia,2,61.6,False,,,,
sn2001G,Ia,3,62.7,False,,,,
sn2001G,Ia,4,64.5,False,,,,
sn2001G,Ia,5,91.1,False,,,,
sn2001G,Ia,6,122.6,False,,,,
sn2001G,Ia,7,11.6,False,,,,
sn2001G,Ia,8,26.3,False,,,,
sn2001G,Ia,9,31.2,False,,,,
sn2001G,Ia,10,33.2,False,,,,
sn2001G,Ia,11,37.0,False,,,,
sn2001G,Ia,12,39.2,False,,,,
sn2001G,Ia,13,52.8,False,,,,
sn2001G,Ia,14,54.7,False,,,,
sn2001gc,Ia,0,-8.5,False,,,,
sn2001gc,Ia,1,3.4,False,,,,
sn2001gc,Ia,2,4.4,False,,,,
sn2001gc,Ia,3,5.3,False,,,,
sn2001gc,Ia,4,7.3,False,,,,
sn2001gc,Ia,5,13.3,False,,,,
sn2001gc,Ia,6,18.2,False,,,,
sn2001gc,Ia,7,22.0,False,,,,
sn2001N,Ia,0,0.7,False,,,,
sn2001N,Ia,1,2.6,False,,,,
sn2001N,Ia,2,4.4,False,,,,
sn2001N,Ia,3,9.4,False,,,,
sn2001N,Ia,4,10.4,False,,,,
sn2001N,Ia,5,11.5,False,,,,
sn2001N,Ia,6,26.1,False,,,,
sn2001N,Ia,7,30.0,False,,,,
sn2001V,Ia,0,-13.2,False,,,,
sn2001V,Ia,1,-12.3,False,,,,
sn2001V,Ia,2,10.5,False,,,,
sn2001V,Ia,3,11.3,False,,,,
sn2001V,Ia,4,12.5,False,,,,
sn2001V,Ia,5,13.5,False,,,,
sn2001V,Ia,6,18.2,False,,,,
sn2001V,Ia,7,19.1,False,,,,
sn2001V,Ia,8,20.1,False,,,,
sn2001V,Ia,9,20.3,False,,,,
sn2001V,Ia,10,21.1,False,,,,
sn2001V,Ia,11,21.3,False,,,,
sn2001V,Ia,12,-11.2,False,,,,
sn2001V,Ia,13,22.2,False,,,,
sn2001V,Ia,14,23.1,False,,,,
sn2001V,Ia,15,24.1,False,,,,
sn2001V,Ia,16,27.0,False,,,,
sn2001V,Ia,17,28.0,False,,,,
sn2001V,Ia,18,39.9,False,,,,
sn2001V,Ia,19,46.7,False,,,,
sn2001V,Ia,20,47.8,False,,,,
sn2001V,Ia,21,48.7,False,,,,
sn2001V,Ia,22,49.7,False,,,,
sn2001V,Ia,23,-10.2,False,,,,
sn2001V,Ia,24,51.7,False,,,,
sn2001V,Ia,25,51.7,False,,,,
sn2001V,Ia,26,52.7,False,,,,
sn2001V,Ia,27,56.7,False,,,,
sn2001V,Ia,28,73.3,False,,,,
sn2001V,Ia,29,78.2,False,,,,
sn2001V,Ia,30,79.3,False,,,,
sn2001V,Ia,31,104.8,False,,,,
sn2001V,Ia,32,-9.3,False,,,,
sn2001V,Ia,33,-7.4,False,,,,
sn2001V,Ia,34,-6.4,False,,,,
sn2001V,Ia,35,-5.4,False,,,,
sn2001V,Ia,36,-3.3,False,,,,
sn2001V,Ia,37,9.5,False,,,,
sn2002aw,Ia,0,-1.9,False,,,,
sn2002aw,Ia,1,-0.9,False,,,,
sn2002aw,Ia,2,1.1,False,,,,
sn2002bf,Ia,0,1.8,False,,,,
sn2002bf,Ia,1,4.8,False,,,,
sn2002bf,Ia,2,16.4,False,,,,
sn2002bf,Ia,3,17.5,False,,,,
sn2002bf,Ia,4,29.1,False,,,,
sn2002bf,Ia,5,5.7,False,,,,
sn2002bf,Ia,6,6.7,False,,,,
sn2002bf,Ia,7,10.6,False,,,,
sn2002bf,Ia,8,11.7,False,,,,
sn2002bf,Ia,9,12.6,False,,,,
sn2002bf,Ia,10,13.5,False,,,,
sn2002bf,Ia,11,14.6,False,,,,
sn2002bf,Ia,12,15.5,False,,,,
sn2002bg,Ia,0,-3.655,False,,,,
sn2002bo,Ia,0,-13.6,False,,,,
sn2002bo,Ia,1,-13.4,False,,,,
sn2002bo,Ia,2,-4.7,False,,,,
sn2002bo,Ia,3,-4.3,False,,,,
sn2002bo,Ia,4,-3.7,False,,,,
sn2002bo,Ia,5,-3.4,False,,,,
sn2002bo,Ia,6,-2.8,False,,,,
sn2002bo,Ia,7,-2.4,False,,,,
sn2002bo,Ia,8,-1.8,False,,,,
sn2002bo,Ia,9,-1.7,False,,,,
sn2002bo,Ia,10,-1.5,False,,,,
sn2002bo,Ia,11,-1.5,False,,,,
sn2002bo,Ia,12,-12.7,False,,,,
sn2002bo,Ia,13,-0.6,False,,,,
sn2002bo,Ia,14,5.2,False,,,,
sn2002bo,Ia,15,10.4,False,,,,
sn2002bo,Ia,16,11.6,False,,,,
sn2002bo,Ia,17,12.5,False,,,,
sn2002bo,Ia,18,13.5,False,,,,
sn2002bo,Ia,19,14.5,False,,,,
sn2002bo,Ia,20,15.4,False,,,,
sn2002bo,Ia,21,16.4,False,,,,
sn2002bo,Ia,22,17.5,False,,,,
sn2002bo,Ia,23,-12.4,False,,,,
sn2002bo,Ia,24,18.4,False,,,,
sn2002bo,Ia,25,19.5,False,,,,
sn2002bo,Ia,26,20.4,False,,,,
sn2002bo,Ia,27,21.4,False,,,,
sn2002bo,Ia,28,23.5,False,,,,
sn2002bo,Ia,29,27.4,False,,,,
sn2002bo,Ia,30,28.3,False,,,,
sn2002bo,Ia,31,29.1,False,,,,
sn2002bo,Ia,32,29.4,False,,,,
sn2002bo,Ia,33,39.0,False,,,,
sn2002bo,Ia,34,-9.7,False,,,,
sn2002bo,Ia,35,40.3,False,,,,
sn2002bo,Ia,36,43.3,False,,,,
sn2002bo,Ia,37,44.0,False,,,,
sn2002bo,Ia,38,45.3,False,,,,
sn2002bo,Ia,39,49.3,False,,,,
sn2002bo,Ia,40,51.2,False,,,,
sn2002bo,Ia,41,54.2,False,,,,
sn2002bo,Ia,42,72.2,False,,,,
sn2002bo,Ia,43,79.1,False,,,,
sn2002bo,Ia,44,82.9,False,,,,
sn2002bo,Ia,45,-8.4,False,,,,
sn2002bo,Ia,46,310.4,False,,,,
sn2002bo,Ia,47,-7.3,False,,,,
sn2002bo,Ia,48,-6.3,False,,,,
sn2002bo,Ia,49,-5.4,False,,,,
sn2002bo,Ia,50,-4.8,False,,,,
sn2002bz,Ia,0,5.596,False,,,,
sn2002cd,Ia,0,-8.6,False,,,,
sn2002cd,Ia,1,-7.7,False,,,,
sn2002cd,Ia,2,18.0,False,,,,
sn2002cd,Ia,3,24.0,False,,,,
sn2002cd,Ia,4,46.8,False,,,,
sn2002cd,Ia,5,52.7,False,,,,
sn2002cd,Ia,6,58.6,False,,,,
sn2002cd,Ia,7,-6.7,False,,,,
sn2002cd,Ia,8,-5.7,False,,,,
sn2002cd,Ia,9,-4.7,False,,,,
sn2002cd,Ia,10,-3.7,False,,,,
sn2002cd,Ia,11,0.3,False,,,,
sn2002cd,Ia,12,2.2,False,,,,
sn2002cd,Ia,13,3.2,False,,,,
sn2002cd,Ia,14,15.1,False,,,,
sn2002cf,Ia,0,-5.4,False,,,,
sn2002ck,Ia,0,-0.6,False,,,,
sn2002ck,Ia,1,0.3,False,,,,
sn2002ck,Ia,2,2.3,False,,,,
sn2002ck,Ia,3,4.2,False,,,,
sn2002ck,Ia,4,11.9,False,,,,
sn2002ck,Ia,5,15.7,False,,,,
sn2002ck,Ia,6,29.3,False,,,,
sn2002ck,Ia,7,37.1,False,,,,
sn2002cr,Ia,0,-11.2,False,,,,
sn2002cr,Ia,1,-8.2,False,,,,
sn2002cr,Ia,2,-6.3,False,,,,
sn2002cr,Ia,3,-2.4,False,,,,
sn2002cr,Ia,4,0.7,False,,,,
sn2002cr,Ia,5,4.6,False,,,,
sn2002cr,Ia,6,19.4,False,,,,
sn2002cs,Ia,0,-8.5,False,,,,
sn2002cs,Ia,1,-7.5,False,,,,
sn2002cs,Ia,2,-4.5,False,,,,
sn2002cs,Ia,3,3.3,False,,,,
sn2002cs,Ia,4,18.0,False,,,,
sn2002cu,Ia,0,-8.2,False,,,,
sn2002cu,Ia,1,-6.3,False,,,,
sn2002cu,Ia,2,-3.3,False,,,,
sn2002cx,Ia,0,-4.3,False,,,,
sn2002cx,Ia,1,-1.4,False,,,,
sn2002cx,Ia,2,11.3,False,,,,
sn2002cx,Ia,3,15.2,False,,,,
sn2002cx,Ia,4,19.1,False,,,,
sn2002cx,Ia,5,24.0,False,,,,
sn2002cx,Ia,6,25.0,False,,,,
sn2002cx,Ia,7,54.3,False,,,,
sn2002de,Ia,0,-6.1,False,,,,
sn2002de,Ia,1,-5.0,False,,,,
sn2002de,Ia,2,-4.1,False,,,,
sn2002de,Ia,3,-3.0,False,,,,
sn2002de,Ia,4,-2.2,False,,,,
sn2002de,Ia,5,1.8,False,,,,
sn2002de,Ia,6,2.7,False,,,,
sn2002de,Ia,7,3.7,False,,,,
sn2002de,Ia,8,8.5,False,,,,
sn2002de,Ia,9,26.9,False,,,,
sn2002dj,Ia,0,-11.4,False,,,,
sn2002dj,Ia,1,-11.4,False,,,,
sn2002dj,Ia,2,-4.6,False,,,,
sn2002dj,Ia,3,-3.6,False,,,,
sn2002dj,Ia,4,8.0,False,,,,
sn2002dj,Ia,5,9.3,False,,,,
sn2002dj,Ia,6,9.5,False,,,,
sn2002dj,Ia,7,12.3,False,,,,
sn2002dj,Ia,8,16.2,False,,,,
sn2002dj,Ia,9,16.4,False,,,,
sn2002dj,Ia,10,22.3,False,,,,
sn2002dj,Ia,11,30.1,False,,,,
sn2002dj,Ia,12,-10.4,False,,,,
sn2002dj,Ia,13,68.7,False,,,,
sn2002dj,Ia,14,219.6,False,,,,
sn2002dj,Ia,15,271.1,False,,,,
sn2002dj,Ia,16,-10.4,False,,,,
sn2002dj,Ia,17,-9.5,False,,,,
sn2002dj,Ia,18,-8.6,False,,,,
sn2002dj,Ia,19,-8.4,False,,,,
sn2002dj,Ia,20,-7.4,False,,,,
sn2002dj,Ia,21,-6.6,False,,,,
sn2002dj,Ia,22,-6.4,False,,,,
sn2002dl,Ia,0,-8.4,False,,,,
sn2002dl,Ia,1,-7.4,False,,,,
sn2002dl,Ia,2,-6.5,False,,,,
sn2002dl,Ia,3,10.3,False,,,,
sn2002do,Ia,0,2.0,False,,,,
sn2002do,Ia,1,16.7,False,,,,
sn2002do,Ia,2,22.6,False,,,,
sn2002do,Ia,3,30.4,False,,,,
sn2002dp,Ia,0,-4.8,False,,,,
sn2002dp,Ia,1,7.1,False,,,,
sn2002dp,Ia,2,10.0,False,,,,
sn2002dp,Ia,3,13.0,False,,,,
sn2002dp,Ia,4,16.9,False,,,,
sn2002dp,Ia,5,22.9,False,,,,
sn2002dp,Ia,6,36.7,False,,,,
sn2002ef,Ia,0,-2.9,False,,,,
sn2002el,Ia,0,11.823,False,,,,
sn2002el,Ia,1,21.488,False,,,,
sn2002er,Ia,0,-11.9,False,,,,
sn2002er,Ia,1,-10.0,False,,,,
sn2002er,Ia,2,-2.1,False,,,,
sn2002er,Ia,3,-1.1,False,,,,
sn2002er,Ia,4,0.9,False,,,,
sn2002er,Ia,5,2.9,False,,,,
sn2002er,Ia,6,3.8,False,,,,
sn2002er,Ia,7,4.1,False,,,,
sn2002er,Ia,8,4.9,False,,,,
sn2002er,Ia,9,8.8,False,,,,
sn2002er,Ia,10,10.0,False,,,,
sn2002er,Ia,11,11.8,False,,,,
sn2002er,Ia,12,-9.0,False,,,,
sn2002er,Ia,13,14.9,False,,,,
sn2002er,Ia,14,15.8,False,,,,
sn2002er,Ia,15,18.9,False,,,,
sn2002er,Ia,16,23.6,False,,,,
sn2002er,Ia,17,32.6,False,,,,
sn2002er,Ia,18,212.3,False,,,,
sn2002er,Ia,19,-8.0,False,,,,
sn2002er,Ia,20,-7.0,False,,,,
sn2002er,Ia,21,-6.0,False,,,,
sn2002er,Ia,22,-5.0,False,,,,
sn2002er,Ia,23,-4.0,False,,,,
sn2002er,Ia,24,-3.8,False,,,,
sn2002er,Ia,25,-3.1,False,,,,
sn2002es,Ia,0,2.0,False,,,,
sn2002es,Ia,1,5.0,False,,,,
sn2002es,Ia,2,12.0,False,,,,
sn2002es,Ia,3,37.0,False,,,,
sn2002eu,Ia,0,1.1,False,,,,
sn2002eu,Ia,1,3.0,False,,,,
sn2002eu,Ia,2,5.0,False,,,,
sn2002eu,Ia,3,7.8,False,,,,
sn2002eu,Ia,4,10.7,False,,,,
sn2002eu,Ia,5,60.7,False,,,,
sn2002fb,Ia,0,-4.5,False,,,,
sn2002fb,Ia,1,-2.7,False,,,,
sn2002fb,Ia,2,0.3,False,,,,
sn2002fb,Ia,3,17.0,False,,,,
sn2002fb,Ia,4,22.9,False,,,,
sn2002fb,Ia,5,26.8,False,,,,
sn2002fb,Ia,6,52.5,False,,,,
sn2002fk,Ia,0,-3.5,False,,,,
sn2002fk,Ia,1,-1.5,False,,,,
sn2002fk,Ia,2,37.1,False,,,,
sn2002fk,Ia,3,42.1,False,,,,
sn2002fk,Ia,4,44.0,False,,,,
sn2002fk,Ia,5,63.8,False,,,,
sn2002fk,Ia,6,67.8,False,,,,
sn2002fk,Ia,7,71.7,False,,,,
sn2002fk,Ia,8,85.7,False,,,,
sn2002fk,Ia,9,87.6,False,,,,
sn2002fk,Ia,10,91.6,False,,,,
sn2002fk,Ia,11,94.5,False,,,,
sn2002fk,Ia,12,2.5,False,,,,
sn2002fk,Ia,13,96.5,False,,,,
sn2002fk,Ia,14,102.5,False,,,,
sn2002fk,Ia,15,119.3,False,,,,
sn2002fk,Ia,16,119.4,False,,,,
sn2002fk,Ia,17,4.4,False,,,,
sn2002fk,Ia,18,6.5,False,,,,
sn2002fk,Ia,19,7.4,False,,,,
sn2002fk,Ia,20,8.3,False,,,,
sn2002fk,Ia,21,9.4,False,,,,
sn2002fk,Ia,22,30.1,False,,,,
sn2002fk,Ia,23,33.2,False,,,,
sn2002G,Ia,0,-4.4,False,,,,
sn2002G,Ia,1,-2.5,False,,,,
sn2002ha,Ia,0,-4.2,False,,,,
sn2002ha,Ia,1,1.7,False,,,,
sn2002ha,Ia,2,5.6,False,,,,
sn2002ha,Ia,3,9.6,False,,,,
sn2002hd,Ia,0,1.4,False,,,,
sn2002hd,Ia,1,12.0,False,,,,
sn2002hd,Ia,2,15.8,False,,,,
sn2002he,Ia,0,-8.1,False,,,,
sn2002he,Ia,1,-3.2,False,,,,
sn2002he,Ia,2,3.7,False,,,,
sn2002he,Ia,3,5.6,False,,,,
sn2002he,Ia,4,34.9,False,,,,
sn2002hu,Ia,0,-5.3,False,,,,
sn2002hu,Ia,1,-3.5,False,,,,
sn2002hu,Ia,2,-0.7,False,,,,
sn2002hu,Ia,3,21.5,False,,,,
sn2002hu,Ia,4,73.5,False,,,,
sn2002hw,Ia,0,-6.0,False,,,,
sn2002hw,Ia,1,-5.2,False,,,,
sn2002hw,Ia,2,-3.2,False,,,,
sn2002hw,Ia,3,17.5,False,,,,
sn2002hw,Ia,4,20.4,False,,,,
sn2002ic,Ia,0,5.6,False,,,,
sn2002ic,Ia,1,9.4,False,,,,
sn2002ic,Ia,2,31.9,False,,,,
sn2002ic,Ia,3,44.1,False,,,,
sn2002ic,Ia,4,65.6,False,,,,
sn2002jg,Ia,0,-3.4,False,,,,
sn2002jg,Ia,1,4.5,False,,,,
sn2002jg,Ia,2,9.4,False,,,,
sn2002jg,Ia,3,25.1,False,,,,
sn2002jy,Ia,0,0.1,False,,,,
sn2002jy,Ia,1,1.1,False,,,,
sn2002jy,Ia,2,3.0,False,,,,
sn2002jy,Ia,3,6.0,False,,,,
sn2002jy,Ia,4,7.0,False,,,,
sn2002jy,Ia,5,8.0,False,,,,
sn2002jy,Ia,6,9.9,False,,,,
sn2002jy,Ia,7,15.8,False,,,,
sn2002jy,Ia,8,17.8,False,,,,
sn2002jy,Ia,9,33.4,False,,,,
sn2002kf,Ia,0,1.1,False,,,,
sn2002kf,Ia,1,2.2,False,,,,
sn2002kf,Ia,2,29.5,False,,,,
sn2002kf,Ia,3,3.1,False,,,,
sn2002kf,Ia,4,4.1,False,,,,
sn2002kf,Ia,5,6.0,False,,,,
sn2002kf,Ia,6,8.0,False,,,,
sn2002kf,Ia,7,11.8,False,,,,
sn2002kf,Ia,8,13.9,False,,,,
sn2002kf,Ia,9,27.5,False,,,,
sn2002kf,Ia,10,29.5,False,,,,
sn2003ai,Ia,0,7.729,False,,,,
sn2003cg,Ia,0,-8.9,False,,,,
sn2003cg,Ia,1,-8.0,False,,,,
sn2003cg,Ia,2,-2.3,False,,,,
sn2003cg,Ia,3,-2.1,False,,,,
sn2003cg,Ia,4,-2.1,False,,,,
sn2003cg,Ia,5,-1.2,False,,,,
sn2003cg,Ia,6,-1.0,False,,,,
sn2003cg,Ia,7,-0.2,False,,,,
sn2003cg,Ia,8,0.8,False,,,,
sn2003cg,Ia,9,1.0,False,,,,
sn2003cg,Ia,10,1.8,False,,,,
sn2003cg,Ia,11,1.9,False,,,,
sn2003cg,Ia,12,-7.3,False,,,,
sn2003cg,Ia,13,2.8,False,,,,
sn2003cg,Ia,14,4.0,False,,,,
sn2003cg,Ia,15,6.8,False,,,,
sn2003cg,Ia,16,7.0,False,,,,
sn2003cg,Ia,17,7.7,False,,,,
sn2003cg,Ia,18,8.8,False,,,,
sn2003cg,Ia,19,9.2,False,,,,
sn2003cg,Ia,20,9.8,False,,,,
sn2003cg,Ia,21,10.8,False,,,,
sn2003cg,Ia,22,11.0,False,,,,
sn2003cg,Ia,23,-6.4,False,,,,
sn2003cg,Ia,24,11.9,False,,,,
sn2003cg,Ia,25,15.9,False,,,,
sn2003cg,Ia,26,18.9,False,,,,
sn2003cg,Ia,27,22.9,False,,,,
sn2003cg,Ia,28,22.9,False,,,,
sn2003cg,Ia,29,25.9,False,,,,
sn2003cg,Ia,30,26.7,False,,,,
sn2003cg,Ia,31,28.0,False,,,,
sn2003cg,Ia,32,37.8,False,,,,
sn2003cg,Ia,33,42.9,False,,,,
sn2003cg,Ia,34,-6.1,False,,,,
sn2003cg,Ia,35,51.9,False,,,,
sn2003cg,Ia,36,382.6,False,,,,
sn2003cg,Ia,37,-5.1,False,,,,
sn2003cg,Ia,38,-5.0,False,,,,
sn2003cg,Ia,39,-4.1,False,,,,
sn2003cg,Ia,40,-3.1,False,,,,
sn2003cg,Ia,41,-2.8,False,,,,
sn2003ch,Ia,0,-2.1,False,,,,
sn2003ch,Ia,1,-0.2,False,,,,
sn2003ch,Ia,2,13.5,False,,,,
sn2003ch,Ia,3,31.1,False,,,,
sn2003ch,Ia,4,0.8,False,,,,
sn2003ch,Ia,5,1.8,False,,,,
sn2003ch,Ia,6,1.8,False,,,,
sn2003ch,Ia,7,2.8,False,,,,
sn2003ch,Ia,8,3.8,False,,,,
sn2003ch,Ia,9,4.8,False,,,,
sn2003ch,Ia,10,5.6,False,,,,
sn2003ch,Ia,11,6.7,False,,,,
sn2003cq,Ia,0,-5.8,False,,,,
sn2003cq,Ia,1,-1.8,False,,,,
sn2003cq,Ia,2,-0.9,False,,,,
sn2003cq,Ia,3,0.0,False,,,,
sn2003cq,Ia,4,1.0,False,,,,
sn2003cq,Ia,5,2.0,False,,,,
sn2003cq,Ia,6,17.4,False,,,,
sn2003du,Ia,0,-12.7,False,,,,
sn2003du,Ia,1,-11.1,False,,,,
sn2003du,Ia,2,-2.2,False,,,,
sn2003du,Ia,3,-1.8,False,,,,
sn2003du,Ia,4,-1.3,False,,,,
sn2003du,Ia,5,-0.3,False,,,,
sn2003du,Ia,6,0.9,False,,,,
sn2003du,Ia,7,1.1,False,,,,
sn2003du,Ia,8,2.1,False,,,,
sn2003du,Ia,9,2.9,False,,,,
sn2003du,Ia,10,4.0,False,,,,
sn2003du,Ia,11,6.9,False,,,,
sn2003du,Ia,12,-11.1,False,,,,
sn2003du,Ia,13,7.9,False,,,,
sn2003du,Ia,14,8.8,False,,,,
sn2003du,Ia,15,9.8,False,,,,
sn2003du,Ia,16,12.7,False,,,,
sn2003du,Ia,17,16.0,False,,,,
sn2003du,Ia,18,16.8,False,,,,
sn2003du,Ia,19,17.9,False,,,,
sn2003du,Ia,20,18.6,False,,,,
sn2003du,Ia,21,19.0,False,,,,
sn2003du,Ia,22,20.7,False,,,,
sn2003du,Ia,23,-10.7,False,,,,
sn2003du,Ia,24,21.0,False,,,,
sn2003du,Ia,25,22.9,False,,,,
sn2003du,Ia,26,25.0,False,,,,
sn2003du,Ia,27,25.7,False,,,,
sn2003du,Ia,28,28.0,False,,,,
sn2003du,Ia,29,30.8,False,,,,
sn2003du,Ia,30,32.9,False,,,,
sn2003du,Ia,31,32.9,False,,,,
sn2003du,Ia,32,33.6,False,,,,
sn2003du,Ia,33,36.4,False,,,,
sn2003du,Ia,34,-9.8,False,,,,
sn2003du,Ia,35,38.5,False,,,,
sn2003du,Ia,36,44.6,False,,,,
sn2003du,Ia,37,48.8,False,,,,
sn2003du,Ia,38,50.5,False,,,,
sn2003du,Ia,39,50.8,False,,,,
sn2003du,Ia,40,55.7,False,,,,
sn2003du,Ia,41,58.8,False,,,,
sn2003du,Ia,42,58.7,False,,,,
sn2003du,Ia,43,59.7,False,,,,
sn2003du,Ia,44,60.7,False,,,,
sn2003du,Ia,45,-8.9,False,,,,
sn2003du,Ia,46,62.4,False,,,,
sn2003du,Ia,47,71.3,False,,,,
sn2003du,Ia,48,83.2,False,,,,
sn2003du,Ia,49,86.1,False,,,,
sn2003du,Ia,50,108.0,False,,,,
sn2003du,Ia,51,136.6,False,,,,
sn2003du,Ia,52,137.6,False,,,,
sn2003du,Ia,53,140.3,False,,,,
sn2003du,Ia,54,219.7,False,,,,
sn2003du,Ia,55,374.3,False,,,,
sn2003du,Ia,56,-8.1,False,,,,
sn2003du,Ia,57,-7.2,False,,,,
sn2003du,Ia,58,-6.1,False,,,,
sn2003du,Ia,59,-4.2,False,,,,
sn2003fa,Ia,0,-10.4,False,,,,
sn2003fa,Ia,1,-9.5,False,,,,
sn2003fa,Ia,2,11.6,False,,,,
sn2003fa,Ia,3,13.5,False,,,,
sn2003fa,Ia,4,14.6,False,,,,
sn2003fa,Ia,5,15.5,False,,,,
sn2003fa,Ia,6,16.5,False,,,,
sn2003fa,Ia,7,17.3,False,,,,
sn2003fa,Ia,8,17.6,False,,,,
sn2003fa,Ia,9,18.5,False,,,,
sn2003fa,Ia,10,19.3,False,,,,
sn2003fa,Ia,11,-8.5,False,,,,
sn2003fa,Ia,12,-7.6,False,,,,
sn2003fa,Ia,13,-6.6,False,,,,
sn2003fa,Ia,14,-5.6,False,,,,
sn2003fa,Ia,15,6.9,False,,,,
sn2003fa,Ia,16,7.8,False,,,,
sn2003fa,Ia,17,8.7,False,,,,
sn2003fa,Ia,18,10.7,False,,,,
sn2003gn,Ia,0,-3.0,False,,,,
sn2003gq,Ia,0,57.959,False,,,,
sn2003he,Ia,0,2.705,False,,,,
sn2003he,Ia,1,8.53,False,,,,
sn2003hu,Ia,0,0.1,False,,,,
sn2003hu,Ia,1,7.5,False,,,,
sn2003hu,Ia,2,8.4,False,,,,
sn2003hu,Ia,3,10.3,False,,,,
sn2003hv,Ia,0,3.2,False,,,,
sn2003hv,Ia,1,8.2,False,,,,
sn2003hv,Ia,2,320.5,False,,,,
sn2003hv,Ia,3,11.2,False,,,,
sn2003hv,Ia,4,19.1,False,,,,
sn2003hv,Ia,5,53.2,False,,,,
sn2003hv,Ia,6,74.7,False,,,,
sn2003hv,Ia,7,74.7,False,,,,
sn2003hv,Ia,8,82.1,False,,,,
sn2003hv,Ia,9,111.8,False,,,,
sn2003hv,Ia,10,144.5,False,,,,
sn2003ic,Ia,0,-4.1,False,,,,
sn2003ic,Ia,1,-2.3,False,,,,
sn2003ic,Ia,2,3.4,False,,,,
sn2003ic,Ia,3,4.3,False,,,,
sn2003ic,Ia,4,5.3,False,,,,
sn2003ic,Ia,5,7.2,False,,,,
sn2003ic,Ia,6,8.0,False,,,,
sn2003ic,Ia,7,22.2,False,,,,
sn2003it,Ia,0,-3.2,False,,,,
sn2003it,Ia,1,-2.2,False,,,,
sn2003it,Ia,2,7.6,False,,,,
sn2003it,Ia,3,8.5,False,,,,
sn2003it,Ia,4,9.5,False,,,,
sn2003it,Ia,5,30.9,False,,,,
sn2003it,Ia,6,31.9,False,,,,
sn2003it,Ia,7,-1.1,False,,,,
sn2003it,Ia,8,-0.2,False,,,,
sn2003it,Ia,9,0.8,False,,,,
sn2003it,Ia,10,1.7,False,,,,
sn2003it,Ia,11,2.7,False,,,,
sn2003it,Ia,12,3.7,False,,,,
sn2003it,Ia,13,5.7,False,,,,
sn2003it,Ia,14,6.6,False,,,,
sn2003iv,Ia,0,-2.4,False,,,,
sn2003iv,Ia,1,-1.4,False,,,,
sn2003iv,Ia,2,-0.5,False,,,,
sn2003iv,Ia,3,0.5,False,,,,
sn2003iv,Ia,4,1.4,False,,,,
sn2003iv,Ia,5,3.4,False,,,,
sn2003iv,Ia,6,7.2,False,,,,
sn2003iv,Ia,7,85.4,False,,,,
sn2003kc,Ia,0,-7.6,False,,,,
sn2003kc,Ia,1,-5.7,False,,,,
sn2003kc,Ia,2,-0.9,False,,,,
sn2003kc,Ia,3,14.6,False,,,,
sn2003kc,Ia,4,20.4,False,,,,
sn2003kc,Ia,5,24.3,False,,,,
sn2003kc,Ia,6,43.6,False,,,,
sn2003kf,Ia,0,-9.4,False,,,,
sn2003kf,Ia,1,-9.3,False,,,,
sn2003kf,Ia,2,15.4,False,,,,
sn2003kf,Ia,3,17.4,False,,,,
sn2003kf,Ia,4,18.4,False,,,,
sn2003kf,Ia,5,19.4,False,,,,
sn2003kf,Ia,6,20.3,False,,,,
sn2003kf,Ia,7,21.3,False,,,,
sn2003kf,Ia,8,25.4,False,,,,
sn2003kf,Ia,9,40.1,False,,,,
sn2003kf,Ia,10,41.2,False,,,,
sn2003kf,Ia,11,41.1,False,,,,
sn2003kf,Ia,12,-8.4,False,,,,
sn2003kf,Ia,13,42.1,False,,,,
sn2003kf,Ia,14,53.1,False,,,,
sn2003kf,Ia,15,67.9,False,,,,
sn2003kf,Ia,16,69.8,False,,,,
sn2003kf,Ia,17,100.5,False,,,,
sn2003kf,Ia,18,397.8,False,,,,
sn2003kf,Ia,19,-7.4,False,,,,
sn2003kf,Ia,20,-5.4,False,,,,
sn2003kf,Ia,21,-3.4,False,,,,
sn2003kf,Ia,22,8.5,False,,,,
sn2003kf,Ia,23,10.4,False,,,,
sn2003kf,Ia,24,13.4,False,,,,
sn2003kf,Ia,25,14.4,False,,,,
sn2003U,Ia,0,-8.5,False,,,,
sn2003U,Ia,1,-5.6,False,,,,
sn2003U,Ia,2,-0.7,False,,,,
sn2003W,Ia,0,-11.1,False,,,,
sn2003W,Ia,1,-10.2,False,,,,
sn2003W,Ia,2,0.6,False,,,,
sn2003W,Ia,3,21.2,False,,,,
sn2003W,Ia,4,25.1,False,,,,
sn2003W,Ia,5,28.0,False,,,,
sn2003W,Ia,6,29.9,False,,,,
sn2003W,Ia,7,43.7,False,,,,
sn2003W,Ia,8,-9.1,False,,,,
sn2003W,Ia,9,-8.2,False,,,,
sn2003W,Ia,10,-7.3,False,,,,
sn2003W,Ia,11,-6.3,False,,,,
sn2003W,Ia,12,-5.3,False,,,,
sn2003W,Ia,13,-3.3,False,,,,
sn2003W,Ia,14,-2.3,False,,,,
sn2003W,Ia,15,-0.4,False,,,,
sn2003Y,Ia,0,-6.3,False,,,,
sn2003Y,Ia,1,-5.3,False,,,,
sn2003Y,Ia,2,-3.4,False,,,,
sn2004as,Ia,0,-7.8,False,,,,
sn2004as,Ia,1,-6.8,False,,,,
sn2004as,Ia,2,2.9,False,,,,
sn2004as,Ia,3,5.8,False,,,,
sn2004as,Ia,4,6.6,False,,,,
sn2004as,Ia,5,7.6,False,,,,
sn2004as,Ia,6,8.6,False,,,,
sn2004as,Ia,7,25.1,False,,,,
sn2004as,Ia,8,28.0,False,,,,
sn2004as,Ia,9,31.0,False,,,,
sn2004as,Ia,10,-5.9,False,,,,
sn2004as,Ia,11,-4.9,False,,,,
sn2004as,Ia,12,-3.9,False,,,,
sn2004as,Ia,13,-2.9,False,,,,
sn2004as,Ia,14,-2.0,False,,,,
sn2004as,Ia,15,-1.0,False,,,,
sn2004as,Ia,16,-0.1,False,,,,
sn2004as,Ia,17,1.8,False,,,,
sn2004at,Ia,0,-8.6,False,,,,
sn2004at,Ia,1,-7.4,False,,,,
sn2004at,Ia,2,29.6,False,,,,
sn2004at,Ia,3,-6.6,False,,,,
sn2004at,Ia,4,-4.7,False,,,,
sn2004at,Ia,5,-3.6,False,,,,
sn2004at,Ia,6,-0.7,False,,,,
sn2004at,Ia,7,0.2,False,,,,
sn2004at,Ia,8,1.2,False,,,,
sn2004at,Ia,9,2.2,False,,,,
sn2004at,Ia,10,17.8,False,,,,
sn2004bd,Ia,0,18.0,False,,,,
sn2004bd,Ia,1,20.1,False,,,,
sn2004bd,Ia,2,23.1,False,,,,
sn2004bd,Ia,3,28.9,False,,,,
sn2004bg,Ia,0,-3.0,False,,,,
sn2004bg,Ia,1,2.6,False,,,,
sn2004bg,Ia,2,5.7,False,,,,
sn2004bg,Ia,3,10.5,False,,,,
sn2004bg,Ia,4,12.5,False,,,,
sn2004bk,Ia,0,6.4,False,,,,
sn2004bl,Ia,0,4.609,False,,,,
sn2004bw,Ia,0,6.593,False,,,,
sn2004dt,Ia,0,-9.9,False,,,,
sn2004dt,Ia,1,-9.4,False,,,,
sn2004dt,Ia,2,-3.0,False,,,,
sn2004dt,Ia,3,-2.0,False,,,,
sn2004dt,Ia,4,-1.0,False,,,,
sn2004dt,Ia,5,-0.7,False,,,,
sn2004dt,Ia,6,1.0,False,,,,
sn2004dt,Ia,7,2.0,False,,,,
sn2004dt,Ia,8,2.3,False,,,,
sn2004dt,Ia,9,3.3,False,,,,
sn2004dt,Ia,10,3.8,False,,,,
sn2004dt,Ia,11,9.1,False,,,,
sn2004dt,Ia,12,-8.9,False,,,,
sn2004dt,Ia,13,14.0,False,,,,
sn2004dt,Ia,14,16.4,False,,,,
sn2004dt,Ia,15,17.0,False,,,,
sn2004dt,Ia,16,19.3,False,,,,
sn2004dt,Ia,17,20.0,False,,,,
sn2004dt,Ia,18,23.2,False,,,,
sn2004dt,Ia,19,26.4,False,,,,
sn2004dt,Ia,20,27.3,False,,,,
sn2004dt,Ia,21,36.6,False,,,,
sn2004dt,Ia,22,43.7,False,,,,
sn2004dt,Ia,23,-8.5,False,,,,
sn2004dt,Ia,24,46.3,False,,,,
sn2004dt,Ia,25,48.6,False,,,,
sn2004dt,Ia,26,50.6,False,,,,
sn2004dt,Ia,27,52.5,False,,,,
sn2004dt,Ia,28,57.5,False,,,,
sn2004dt,Ia,29,59.7,False,,,,
sn2004dt,Ia,30,109.3,False,,,,
sn2004dt,Ia,31,149.6,False,,,,
sn2004dt,Ia,32,346.8,False,,,,
sn2004dt,Ia,33,-6.5,False,,,,
sn2004dt,Ia,34,-6.5,False,,,,
sn2004dt,Ia,35,-6.4,False,,,,
sn2004dt,Ia,36,-5.6,False,,,,
sn2004dt,Ia,37,-4.5,False,,,,
sn2004dt,Ia,38,-3.7,False,,,,
sn2004ef,Ia,0,-8.1,False,,,,
sn2004ef,Ia,1,-7.1,False,,,,
sn2004ef,Ia,2,2.5,False,,,,
sn2004ef,Ia,3,6.3,False,,,,
sn2004ef,Ia,4,19.9,False,,,,
sn2004ef,Ia,5,25.7,False,,,,
sn2004ef,Ia,6,33.4,False,,,,
sn2004ef,Ia,7,-6.2,False,,,,
sn2004ef,Ia,8,-5.2,False,,,,
sn2004ef,Ia,9,-4.2,False,,,,
sn2004ef,Ia,10,-3.3,False,,,,
sn2004ef,Ia,11,-1.5,False,,,,
sn2004ef,Ia,12,-0.4,False,,,,
sn2004ef,Ia,13,0.6,False,,,,
sn2004ef,Ia,14,1.5,False,,,,
sn2004eo,Ia,0,-10.2,False,,,,
sn2004eo,Ia,1,-5.6,False,,,,
sn2004eo,Ia,2,24.1,False,,,,
sn2004eo,Ia,3,30.4,False,,,,
sn2004eo,Ia,4,46.1,False,,,,
sn2004eo,Ia,5,49.1,False,,,,
sn2004eo,Ia,6,50.1,False,,,,
sn2004eo,Ia,7,54.0,False,,,,
sn2004eo,Ia,8,67.7,False,,,,
sn2004eo,Ia,9,71.8,False,,,,
sn2004eo,Ia,10,224.9,False,,,,
sn2004eo,Ia,11,-2.0,False,,,,
sn2004eo,Ia,12,2.9,False,,,,
sn2004eo,Ia,13,7.8,False,,,,
sn2004eo,Ia,14,11.7,False,,,,
sn2004eo,Ia,15,13.1,False,,,,
sn2004eo,Ia,16,14.7,False,,,,
sn2004eo,Ia,17,21.6,False,,,,
sn2004eo,Ia,18,22.1,False,,,,
sn2004ey,Ia,0,-7.479,False,,,,
sn2004ey,Ia,1,18.902,False,,,,
sn2004ey,Ia,2,51.49,False,,,,
sn2004fu,Ia,0,-6.4,False,,,,
sn2004fu,Ia,1,-5.4,False,,,,
sn2004fu,Ia,2,-3.5,False,,,,
sn2004fu,Ia,3,2.4,False,,,,
sn2004fu,Ia,4,3.4,False,,,,
sn2004fu,Ia,5,4.4,False,,,,
sn2004fu,Ia,6,15.3,False,,,,
sn2004fu,Ia,7,22.2,False,,,,
sn2004fu,Ia,8,27.2,False,,,,
sn2004fz,Ia,0,-6.8,False,,,,
sn2004gc,Ia,0,23.5,False,,,,
sn2004gs,Ia,0,-3.2,False,,,,
sn2004gs,Ia,1,-1.2,False,,,,
sn2004gs,Ia,2,-0.3,False,,,,
sn2004gs,Ia,3,1.7,False,,,,
sn2004gs,Ia,4,2.6,False,,,,
sn2004gs,Ia,5,3.6,False,,,,
sn2004gs,Ia,6,20.1,False,,,,
sn2004gs,Ia,7,23.0,False,,,,
sn2004gs,Ia,8,30.8,False,,,,
sn2004gs,Ia,9,31.8,False,,,,
sn2004L,Ia,0,2.5,False,,,,
sn2004L,Ia,1,3.4,False,,,,
sn2004L,Ia,2,31.4,False,,,,
sn2004L,Ia,3,5.3,False,,,,
sn2004L,Ia,4,19.9,False,,,,
sn2004L,Ia,5,21.8,False,,,,
sn2004L,Ia,6,22.7,False,,,,
sn2004L,Ia,7,23.7,False,,,,
sn2004L,Ia,8,25.6,False,,,,
sn2004L,Ia,9,26.6,False,,,,
sn2004L,Ia,10,27.5,False,,,,
sn2004S,Ia,0,1.6,False,,,,
sn2004S,Ia,1,7.4,False,,,,
sn2004S,Ia,2,13.3,False,,,,
sn2004S,Ia,3,13.9,False,,,,
sn2004S,Ia,4,18.3,False,,,,
sn2004S,Ia,5,36.1,False,,,,
sn2004S,Ia,6,42.0,False,,,,
sn2005A,Ia,0,-1.3,False,,,,
sn2005A,Ia,1,0.6,False,,,,
sn2005A,Ia,2,1.5,False,,,,
sn2005am,Ia,0,-2.9,False,,,,
sn2005am,Ia,1,2.0,False,,,,
sn2005am,Ia,2,14.8,False,,,,
sn2005am,Ia,3,23.7,False,,,,
sn2005am,Ia,4,26.7,False,,,,
sn2005am,Ia,5,31.6,False,,,,
sn2005am,Ia,6,35.6,False,,,,
sn2005am,Ia,7,38.6,False,,,,
sn2005am,Ia,8,57.4,False,,,,
sn2005am,Ia,9,63.3,False,,,,
sn2005am,Ia,10,3.0,False,,,,
sn2005am,Ia,11,3.9,False,,,,
sn2005am,Ia,12,4.9,False,,,,
sn2005am,Ia,13,6.9,False,,,,
sn2005am,Ia,14,7.9,False,,,,
sn2005am,Ia,15,9.9,False,,,,
sn2005am,Ia,16,10.9,False,,,,
sn2005am,Ia,17,11.8,False,,,,
sn2005bc,Ia,0,-5.0,False,,,,
sn2005be,Ia,0,7.7,False,,,,
sn2005bl,Ia,0,-5.9,False,,,,
sn2005bl,Ia,1,-4.9,False,,,,
sn2005bl,Ia,2,-2.9,False,,,,
sn2005bl,Ia,3,4.7,False,,,,
sn2005bl,Ia,4,12.6,False,,,,
sn2005bl,Ia,5,19.3,False,,,,
sn2005bl,Ia,6,22.3,False,,,,
sn2005bl,Ia,7,32.2,False,,,,
sn2005bo,Ia,0,-0.1,False,,,,
sn2005bo,Ia,1,21.7,False,,,,
sn2005cc,Ia,0,2.6,False,,,,
sn2005cc,Ia,1,3.6,False,,,,
sn2005cc,Ia,2,4.6,False,,,,
sn2005cc,Ia,3,5.6,False,,,,
sn2005cc,Ia,4,9.5,False,,,,
sn2005cc,Ia,5,14.7,False,,,,
sn2005cc,Ia,6,17.4,False,,,,
sn2005cc,Ia,7,19.4,False,,,,
sn2005cc,Ia,8,30.4,False,,,,
sn2005cc,Ia,9,41.3,False,,,,
sn2005cf,Ia,0,-12.4,False,,,,
sn2005cf,Ia,1,-11.7,False,,,,
sn2005cf,Ia,2,-8.7,False,,,,
sn2005cf,Ia,3,-8.2,False,,,,
sn2005cf,Ia,4,-7.3,False,,,,
sn2005cf,Ia,5,-6.6,False,,,,
sn2005cf,Ia,6,-6.3,False,,,,
sn2005cf,Ia,7,-5.5,False,,,,
sn2005cf,Ia,8,-5.4,False,,,,
sn2005cf,Ia,9,-4.4,False,,,,
sn2005cf,Ia,10,-3.8,False,,,,
sn2005cf,Ia,11,-3.4,False,,,,
sn2005cf,Ia,12,-11.4,False,,,,
sn2005cf,Ia,13,-2.7,False,,,,
sn2005cf,Ia,14,-2.4,False,,,,
sn2005cf,Ia,15,-2.3,False,,,,
sn2005cf,Ia,16,-1.5,False,,,,
sn2005cf,Ia,17,-1.4,False,,,,
sn2005cf,Ia,18,-1.2,False,,,,
sn2005cf,Ia,19,-0.3,False,,,,
sn2005cf,Ia,20,-0.2,False,,,,
sn2005cf,Ia,21,0.6,False,,,,
sn2005cf,Ia,22,1.5,False,,,,
sn2005cf,Ia,23,-11.2,False,,,,
sn2005cf,Ia,24,1.6,False,,,,
sn2005cf,Ia,25,2.5,False,,,,
sn2005cf,Ia,26,3.5,False,,,,
sn2005cf,Ia,27,4.2,False,,,,
sn2005cf,Ia,28,4.5,False,,,,
sn2005cf,Ia,29,4.5,False,,,,
sn2005cf,Ia,30,5.2,False,,,,
sn2005cf,Ia,31,6.2,False,,,,
sn2005cf,Ia,32,7.2,False,,,,
sn2005cf,Ia,33,9.4,False,,,,
sn2005cf,Ia,34,-10.4,False,,,,
sn2005cf,Ia,35,12.1,False,,,,
sn2005cf,Ia,36,12.2,False,,,,
sn2005cf,Ia,37,14.1,False,,,,
sn2005cf,Ia,38,16.1,False,,,,
sn2005cf,Ia,39,16.5,False,,,,
sn2005cf,Ia,40,18.4,False,,,,
sn2005cf,Ia,41,21.4,False,,,,
sn2005cf,Ia,42,23.4,False,,,,
sn2005cf,Ia,43,24.3,False,,,,
sn2005cf,Ia,44,25.1,False,,,,
sn2005cf,Ia,45,-10.2,False,,,,
sn2005cf,Ia,46,25.3,False,,,,
sn2005cf,Ia,47,26.4,False,,,,
sn2005cf,Ia,48,27.3,False,,,,
sn2005cf,Ia,49,27.3,False,,,,
sn2005cf,Ia,50,28.3,False,,,,
sn2005cf,Ia,51,29.0,False,,,,
sn2005cf,Ia,52,29.3,False,,,,
sn2005cf,Ia,53,37.1,False,,,,
sn2005cf,Ia,54,43.2,False,,,,
sn2005cf,Ia,55,45.2,False,,,,
sn2005cf,Ia,56,-9.7,False,,,,
sn2005cf,Ia,57,46.9,False,,,,
sn2005cf,Ia,58,51.9,False,,,,
sn2005cf,Ia,59,60.8,False,,,,
sn2005cf,Ia,60,75.2,False,,,,
sn2005cf,Ia,61,76.6,False,,,,
sn2005cf,Ia,62,81.9,False,,,,
sn2005cf,Ia,63,316.9,False,,,,
sn2005cf,Ia,64,-9.7,False,,,,
sn2005cf,Ia,65,-9.3,False,,,,
sn2005cf,Ia,66,-9.2,False,,,,
sn2005cg,Ia,0,-9.8,False,,,,
sn2005cg,Ia,1,-8.8,False,,,,
sn2005cg,Ia,2,-4.0,False,,,,
sn2005cg,Ia,3,-0.1,False,,,,
sn2005cg,Ia,4,4.8,False,,,,
sn2005cg,Ia,5,6.7,False,,,,
sn2005de,Ia,0,-0.748,False,,,,
sn2005de,Ia,1,10.097,False,,,,
sn2005de,Ia,2,25.745,False,,,,
sn2005de,Ia,3,40.49,False,,,,
sn2005dv,Ia,0,-0.613,False,,,,
sn2005el,Ia,0,-5.8,False,,,,
sn2005el,Ia,1,-4.8,False,,,,
sn2005el,Ia,2,-3.9,False,,,,
sn2005el,Ia,3,2.1,False,,,,
sn2005el,Ia,4,4.0,False,,,,
sn2005el,Ia,5,22.8,False,,,,
sn2005el,Ia,6,29.6,False,,,,
sn2005el,Ia,7,59.2,False,,,,
sn2005eq,Ia,0,-8.3,False,,,,
sn2005eq,Ia,1,-5.4,False,,,,
sn2005eq,Ia,2,-3.5,False,,,,
sn2005eq,Ia,3,0.4,False,,,,
sn2005eq,Ia,4,1.3,False,,,,
sn2005eq,Ia,5,14.0,False,,,,
sn2005eq,Ia,6,16.9,False,,,,
sn2005eq,Ia,7,26.6,False,,,,
sn2005eq,Ia,8,51.1,False,,,,
sn2005eq,Ia,9,53.7,False,,,,
sn2005eu,Ia,0,-9.0,False,,,,
sn2005eu,Ia,1,-7.1,False,,,,
sn2005eu,Ia,2,-5.2,False,,,,
sn2005eu,Ia,3,8.3,False,,,,
sn2005eu,Ia,4,10.3,False,,,,
sn2005eu,Ia,5,22.8,False,,,,
sn2005gj,Ia,0,-12.1,False,,,,
sn2005gj,Ia,1,-1.8,False,,,,
sn2005gj,Ia,2,51.8,False,,,,
sn2005gj,Ia,3,61.1,False,,,,
sn2005gj,Ia,4,63.0,False,,,,
sn2005gj,Ia,5,63.9,False,,,,
sn2005gj,Ia,6,64.9,False,,,,
sn2005gj,Ia,7,65.8,False,,,,
sn2005gj,Ia,8,66.8,False,,,,
sn2005gj,Ia,9,67.7,False,,,,
sn2005gj,Ia,10,75.3,False,,,,
sn2005gj,Ia,11,88.4,False,,,,
sn2005gj,Ia,12,7.7,False,,,,
sn2005gj,Ia,13,92.1,False,,,,
sn2005gj,Ia,14,133.5,False,,,,
sn2005gj,Ia,15,10.4,False,,,,
sn2005gj,Ia,16,17.9,False,,,,
sn2005gj,Ia,17,27.3,False,,,,
sn2005gj,Ia,18,38.5,False,,,,
sn2005gj,Ia,19,39.4,False,,,,
sn2005gj,Ia,20,40.5,False,,,,
sn2005gj,Ia,21,42.3,False,,,,
sn2005hc,Ia,0,5.4,False,,,,
sn2005hc,Ia,1,6.3,False,,,,
sn2005hc,Ia,2,11.1,False,,,,
sn2005hf,Ia,0,8.2,False,,,,
sn2005hf,Ia,1,9.1,False,,,,
sn2005hf,Ia,2,11.0,False,,,,
sn2005hf,Ia,3,12.0,False,,,,
sn2005hf,Ia,4,12.9,False,,,,
sn2005hf,Ia,5,14.9,False,,,,
sn2005hf,Ia,6,17.8,False,,,,
sn2005hj,Ia,0,-5.2,False,,,,
sn2005hj,Ia,1,-4.3,False,,,,
sn2005hj,Ia,2,0.5,False,,,,
sn2005hj,Ia,3,2.4,False,,,,
sn2005hj,Ia,4,3.3,False,,,,
sn2005hj,Ia,5,5.1,False,,,,
sn2005hj,Ia,6,9.9,False,,,,
sn2005hj,Ia,7,17.4,False,,,,
sn2005hj,Ia,8,24.0,False,,,,
sn2005hj,Ia,9,32.5,False,,,,
sn2005hk,Ia,0,-9.3,False,,,,
sn2005hk,Ia,1,-8.3,False,,,,
sn2005hk,Ia,2,-4.3,False,,,,
sn2005hk,Ia,3,-4.2,False,,,,
sn2005hk,Ia,4,-4.2,False,,,,
sn2005hk,Ia,5,-3.4,False,,,,
sn2005hk,Ia,6,-3.3,False,,,,
sn2005hk,Ia,7,-2.4,False,,,,
sn2005hk,Ia,8,-1.4,False,,,,
sn2005hk,Ia,9,3.6,False,,,,
sn2005hk,Ia,10,12.4,False,,,,
sn2005hk,Ia,11,14.3,False,,,,
sn2005hk,Ia,12,-8.3,False,,,,
sn2005hk,Ia,13,14.4,False,,,,
sn2005hk,Ia,14,20.3,False,,,,
sn2005hk,Ia,15,23.2,False,,,,
sn2005hk,Ia,16,23.4,False,,,,
sn2005hk,Ia,17,26.4,False,,,,
sn2005hk,Ia,18,27.2,False,,,,
sn2005hk,Ia,19,37.0,False,,,,
sn2005hk,Ia,20,39.0,False,,,,
sn2005hk,Ia,21,42.0,False,,,,
sn2005hk,Ia,22,42.9,False,,,,
sn2005hk,Ia,23,-7.3,False,,,,
sn2005hk,Ia,24,53.8,False,,,,
sn2005hk,Ia,25,65.5,False,,,,
sn2005hk,Ia,26,-7.3,False,,,,
sn2005hk,Ia,27,-6.3,False,,,,
sn2005hk,Ia,28,-6.3,False,,,,
sn2005hk,Ia,29,-6.3,False,,,,
sn2005hk,Ia,30,-5.3,False,,,,
sn2005hk,Ia,31,-5.1,False,,,,
sn2005iq,Ia,0,-6.0,False,,,,
sn2005kc,Ia,0,6.7,False,,,,
sn2005kc,Ia,1,9.8,False,,,,
sn2005kc,Ia,2,11.6,False,,,,
sn2005kc,Ia,3,15.6,False,,,,
sn2005kc,Ia,4,29.4,False,,,,
sn2005kc,Ia,5,33.3,False,,,,
sn2005ke,Ia,0,0.5,False,,,,
sn2005ke,Ia,1,2.4,False,,,,
sn2005ke,Ia,2,6.4,False,,,,
sn2005ke,Ia,3,8.4,False,,,,
sn2005ke,Ia,4,10.4,False,,,,
sn2005ke,Ia,5,11.4,False,,,,
sn2005ke,Ia,6,13.4,False,,,,
sn2005ke,Ia,7,26.3,False,,,,
sn2005ke,Ia,8,28.3,False,,,,
sn2005ke,Ia,9,31.2,False,,,,
sn2005ki,Ia,0,1.0,False,,,,
sn2005ls,Ia,0,10.8,False,,,,
sn2005ls,Ia,1,16.6,False,,,,
sn2005lu,Ia,0,16.6,False,,,,
sn2005lu,Ia,1,18.5,False,,,,
sn2005lu,Ia,2,20.5,False,,,,
sn2005M,Ia,0,-2.7,False,,,,
sn2005M,Ia,1,-1.7,False,,,,
sn2005M,Ia,2,0.2,False,,,,
sn2005M,Ia,3,5.1,False,,,,
sn2005M,Ia,4,10.0,False,,,,
sn2005M,Ia,5,24.7,False,,,,
sn2005M,Ia,6,27.6,False,,,,
sn2005M,Ia,7,32.5,False,,,,
sn2005M,Ia,8,40.3,False,,,,
sn2005M,Ia,9,62.7,False,,,,
sn2005mc,Ia,0,-2.2,False,,,,
sn2005mc,Ia,1,5.6,False,,,,
sn2005ms,Ia,0,-1.512,False,,,,
sn2005ms,Ia,1,14.99,False,,,,
sn2005mz,Ia,0,-7.5,False,,,,
sn2005mz,Ia,1,10.2,False,,,,
sn2005mz,Ia,2,12.1,False,,,,
sn2005mz,Ia,3,18.0,False,,,,
sn2005na,Ia,0,-1.5,False,,,,
sn2005na,Ia,1,1.4,False,,,,
sn2005na,Ia,2,3.4,False,,,,
sn2005na,Ia,3,15.9,False,,,,
sn2005na,Ia,4,19.9,False,,,,
sn2005na,Ia,5,23.7,False,,,,
sn2006ac,Ia,0,6.2,False,,,,
sn2006ac,Ia,1,7.1,False,,,,
sn2006ac,Ia,2,36.4,False,,,,
sn2006ac,Ia,3,9.0,False,,,,
sn2006ac,Ia,4,10.0,False,,,,
sn2006ac,Ia,5,11.0,False,,,,
sn2006ac,Ia,6,12.9,False,,,,
sn2006ac,Ia,7,15.0,False,,,,
sn2006ac,Ia,8,18.0,False,,,,
sn2006ac,Ia,9,21.7,False,,,,
sn2006ac,Ia,10,33.5,False,,,,
sn2006ak,Ia,0,7.3,False,,,,
sn2006al,Ia,0,2.5,False,,,,
sn2006al,Ia,1,3.4,False,,,,
sn2006al,Ia,2,4.3,False,,,,
sn2006al,Ia,3,5.4,False,,,,
sn2006al,Ia,4,6.3,False,,,,
sn2006al,Ia,5,9.1,False,,,,
sn2006ax,Ia,0,-9.3,False,,,,
sn2006ax,Ia,1,-8.4,False,,,,
sn2006ax,Ia,2,-6.4,False,,,,
sn2006ax,Ia,3,0.5,False,,,,
sn2006az,Ia,0,-1.0,False,,,,
sn2006bq,Ia,0,5.3,False,,,,
sn2006br,Ia,0,0.2,False,,,,
sn2006br,Ia,1,3.0,False,,,,
sn2006bt,Ia,0,-4.0,False,,,,
sn2006bt,Ia,1,-3.0,False,,,,
sn2006bt,Ia,2,1.0,False,,,,
sn2006bt,Ia,3,4.0,False,,,,
sn2006bu,Ia,0,4.238,False,,,,
sn2006bw,Ia,0,4.9,False,,,,
sn2006bz,Ia,0,-1.4,False,,,,
sn2006bz,Ia,1,-0.3,False,,,,
sn2006bz,Ia,2,0.7,False,,,,
sn2006cc,Ia,0,-9.7,False,,,,
sn2006cf,Ia,0,1.8,False,,,,
sn2006cf,Ia,1,2.7,False,,,,
sn2006cf,Ia,2,3.7,False,,,,
sn2006cf,Ia,3,4.7,False,,,,
sn2006cf,Ia,4,6.5,False,,,,
sn2006cf,Ia,5,17.1,False,,,,
sn2006cj,Ia,0,-2.1,False,,,,
sn2006cj,Ia,1,-1.2,False,,,,
sn2006cj,Ia,2,-0.2,False,,,,
sn2006cj,Ia,3,4.4,False,,,,
sn2006cj,Ia,4,5.4,False,,,,
sn2006cj,Ia,5,8.2,False,,,,
sn2006cj,Ia,6,9.1,False,,,,
sn2006cj,Ia,7,11.0,False,,,,
sn2006cm,Ia,0,-1.9,False,,,,
sn2006cm,Ia,1,-1.0,False,,,,
sn2006cp,Ia,0,-11.2,False,,,,
sn2006cp,Ia,1,-10.3,False,,,,
sn2006cp,Ia,2,-9.3,False,,,,
sn2006cp,Ia,3,-8.4,False,,,,
sn2006cp,Ia,4,-6.3,False,,,,
sn2006cp,Ia,5,6.3,False,,,,
sn2006cp,Ia,6,7.3,False,,,,
sn2006cp,Ia,7,9.3,False,,,,
sn2006cp,Ia,8,39.6,False,,,,
sn2006cp,Ia,9,41.5,False,,,,
sn2006cq,Ia,0,-3.3,False,,,,
sn2006cs,Ia,0,2.408,False,,,,
sn2006cz,Ia,0,-3.9,False,,,,
sn2006cz,Ia,1,-2.0,False,,,,
sn2006cz,Ia,2,-1.0,False,,,,
sn2006D,Ia,0,-7.3,False,,,,
sn2006D,Ia,1,-5.3,False,,,,
sn2006D,Ia,2,-1.4,False,,,,
sn2006D,Ia,3,4.5,False,,,,
sn2006D,Ia,4,12.5,False,,,,
sn2006D,Ia,5,16.3,False,,,,
sn2006dm,Ia,0,8.734,False,,,,
sn2006dm,Ia,1,14.607,False,,,,
sn2006dm,Ia,2,20.443,False,,,,
sn2006dm,Ia,3,36.063,False,,,,
sn2006dw,Ia,0,1.07,False,,,,
sn2006dw,Ia,1,6.876,False,,,,
sn2006dw,Ia,2,22.469,False,,,,
sn2006dw,Ia,3,28.279,False,,,,
sn2006ef,Ia,0,3.197,False,,,,
sn2006ef,Ia,1,28.707,False,,,,
sn2006ef,Ia,2,34.559,False,,,,
sn2006ej,Ia,0,-3.695,False,,,,
sn2006ej,Ia,1,5.095,False,,,,
sn2006ej,Ia,2,21.651,False,,,,
sn2006ej,Ia,3,27.541,False,,,,
sn2006em,Ia,0,3.7,False,,,,
sn2006eq,Ia,0,4.7,False,,,,
sn2006et,Ia,0,2.4,False,,,,
sn2006et,Ia,1,6.3,False,,,,
sn2006eu,Ia,0,8.0,False,,,,
sn2006ev,Ia,0,5.5,False,,,,
sn2006gj,Ia,0,-0.7,False,,,,
sn2006gj,Ia,1,3.2,False,,,,
sn2006gr,Ia,0,-10.8,False,,,,
sn2006gr,Ia,1,-9.8,False,,,,
sn2006gr,Ia,2,9.4,False,,,,
sn2006gr,Ia,3,12.4,False,,,,
sn2006gr,Ia,4,18.1,False,,,,
sn2006gr,Ia,5,22.9,False,,,,
sn2006gr,Ia,6,24.0,False,,,,
sn2006gr,Ia,7,39.3,False,,,,
sn2006gr,Ia,8,48.1,False,,,,
sn2006gr,Ia,9,-8.9,False,,,,
sn2006gr,Ia,10,-7.9,False,,,,
sn2006gr,Ia,11,-6.9,False,,,,
sn2006gr,Ia,12,-6.0,False,,,,
sn2006gr,Ia,13,-5.1,False,,,,
sn2006gr,Ia,14,-4.0,False,,,,
sn2006gr,Ia,15,-2.1,False,,,,
sn2006gr,Ia,16,-1.1,False,,,,
sn2006gt,Ia,0,1.3,False,,,,
sn2006gt,Ia,1,2.3,False,,,,
sn2006gt,Ia,2,3.3,False,,,,
sn2006gz,Ia,0,-13.3,False,,,,
sn2006gz,Ia,1,-13.3,False,,,,
sn2006gz,Ia,2,6.2,False,,,,
sn2006gz,Ia,3,7.3,False,,,,
sn2006gz,Ia,4,8.2,False,,,,
sn2006gz,Ia,5,8.2,False,,,,
sn2006gz,Ia,6,9.2,False,,,,
sn2006gz,Ia,7,10.2,False,,,,
sn2006gz,Ia,8,11.1,False,,,,
sn2006gz,Ia,9,-12.3,False,,,,
sn2006gz,Ia,10,-12.3,False,,,,
sn2006gz,Ia,11,-11.3,False,,,,
sn2006gz,Ia,12,-9.3,False,,,,
sn2006gz,Ia,13,-8.4,False,,,,
sn2006gz,Ia,14,-4.5,False,,,,
sn2006gz,Ia,15,-1.6,False,,,,
sn2006gz,Ia,16,5.3,False,,,,
sn2006H,Ia,0,4.5,False,,,,
sn2006H,Ia,1,5.5,False,,,,
sn2006H,Ia,2,15.3,False,,,,
sn2006H,Ia,3,16.3,False,,,,
sn2006H,Ia,4,17.3,False,,,,
sn2006H,Ia,5,19.4,False,,,,
sn2006H,Ia,6,6.5,False,,,,
sn2006H,Ia,7,7.5,False,,,,
sn2006H,Ia,8,9.6,False,,,,
sn2006H,Ia,9,10.4,False,,,,
sn2006H,Ia,10,11.4,False,,,,
sn2006H,Ia,11,12.4,False,,,,
sn2006H,Ia,12,13.4,False,,,,
sn2006H,Ia,13,14.3,False,,,,
sn2006hb,Ia,0,6.8,False,,,,
sn2006hb,Ia,1,7.7,False,,,,
sn2006hb,Ia,2,8.7,False,,,,
sn2006hb,Ia,3,9.7,False,,,,
sn2006hb,Ia,4,10.7,False,,,,
sn2006hb,Ia,5,11.7,False,,,,
sn2006hb,Ia,6,23.5,False,,,,
sn2006hb,Ia,7,30.3,False,,,,
sn2006ke,Ia,0,8.43,False,,,,
sn2006kf,Ia,0,-5.2,False,,,,
sn2006le,Ia,0,-11.7,False,,,,
sn2006le,Ia,1,-8.8,False,,,,
sn2006le,Ia,2,10.8,False,,,,
sn2006le,Ia,3,12.8,False,,,,
sn2006le,Ia,4,13.8,False,,,,
sn2006le,Ia,5,14.7,False,,,,
sn2006le,Ia,6,16.7,False,,,,
sn2006le,Ia,7,33.3,False,,,,
sn2006le,Ia,8,35.3,False,,,,
sn2006le,Ia,9,37.3,False,,,,
sn2006le,Ia,10,38.2,False,,,,
sn2006le,Ia,11,43.1,False,,,,
sn2006le,Ia,12,-7.8,False,,,,
sn2006le,Ia,13,47.1,False,,,,
sn2006le,Ia,14,48.1,False,,,,
sn2006le,Ia,15,-6.8,False,,,,
sn2006le,Ia,16,2.9,False,,,,
sn2006le,Ia,17,3.9,False,,,,
sn2006le,Ia,18,5.9,False,,,,
sn2006le,Ia,19,6.9,False,,,,
sn2006le,Ia,20,7.9,False,,,,
sn2006le,Ia,21,8.9,False,,,,
sn2006lf,Ia,0,-8.4,False,,,,
sn2006lf,Ia,1,-7.5,False,,,,
sn2006lf,Ia,2,11.3,False,,,,
sn2006lf,Ia,3,13.2,False,,,,
sn2006lf,Ia,4,16.1,False,,,,
sn2006lf,Ia,5,19.1,False,,,,
sn2006lf,Ia,6,37.8,False,,,,
sn2006lf,Ia,7,39.8,False,,,,
sn2006lf,Ia,8,44.6,False,,,,
sn2006lf,Ia,9,45.6,False,,,,
sn2006lf,Ia,10,49.6,False,,,,
sn2006lf,Ia,11,50.6,False,,,,
sn2006lf,Ia,12,-6.5,False,,,,
sn2006lf,Ia,13,-5.5,False,,,,
sn2006lf,Ia,14,-4.5,False,,,,
sn2006lf,Ia,15,5.3,False,,,,
sn2006lf,Ia,16,6.3,False,,,,
sn2006lf,Ia,17,7.3,False,,,,
sn2006lf,Ia,18,9.3,False,,,,
sn2006lf,Ia,19,10.3,False,,,,
sn2006mo,Ia,0,5.2,False,,,,
sn2006N,Ia,0,-3.3,False,,,,
sn2006N,Ia,1,-1.3,False,,,,
sn2006N,Ia,2,11.6,False,,,,
sn2006N,Ia,3,28.2,False,,,,
sn2006N,Ia,4,0.7,False,,,,
sn2006N,Ia,5,1.6,False,,,,
sn2006N,Ia,6,2.6,False,,,,
sn2006N,Ia,7,4.6,False,,,,
sn2006N,Ia,8,5.6,False,,,,
sn2006N,Ia,9,6.5,False,,,,
sn2006N,Ia,10,7.5,False,,,,
sn2006N,Ia,11,8.5,False,,,,
sn2006nz,Ia,0,-1.7,False,,,,
sn2006oa,Ia,0,-8.5,False,,,,
sn2006oa,Ia,1,-7.6,False,,,,
sn2006oa,Ia,2,-5.7,False,,,,
sn2006oa,Ia,3,-4.7,False,,,,
sn2006oa,Ia,4,-3.8,False,,,,
sn2006oa,Ia,5,-2.0,False,,,,
sn2006oa,Ia,6,-0.1,False,,,,
sn2006or,Ia,0,-2.915,False,,,,
sn2006or,Ia,1,4.801,False,,,,
sn2006os,Ia,0,8.678,False,,,,
sn2006os,Ia,1,27.162,False,,,,
sn2006ot,Ia,0,-0.4,False,,,,
sn2006ot,Ia,1,2.5,False,,,,
sn2006S,Ia,0,-5.5,False,,,,
sn2006S,Ia,1,-4.6,False,,,,
sn2006S,Ia,2,-2.6,False,,,,
sn2006S,Ia,3,-0.7,False,,,,
sn2006S,Ia,4,0.2,False,,,,
sn2006S,Ia,5,1.2,False,,,,
sn2006S,Ia,6,3.2,False,,,,
sn2006S,Ia,7,4.1,False,,,,
sn2006S,Ia,8,20.5,False,,,,
sn2006sr,Ia,0,-0.9,False,,,,
sn2006sr,Ia,1,1.0,False,,,,
sn2006sr,Ia,2,2.0,False,,,,
sn2006sr,Ia,3,3.0,False,,,,
sn2006sr,Ia,4,3.9,False,,,,
sn2006sr,Ia,5,17.6,False,,,,
sn2006te,Ia,0,12.3,False,,,,
sn2006X,Ia,0,1.3,False,,,,
sn2006X,Ia,1,2.3,False,,,,
sn2006X,Ia,2,13.3,False,,,,
sn2006X,Ia,3,14.2,False,,,,
sn2006X,Ia,4,17.1,False,,,,
sn2006X,Ia,5,29.0,False,,,,
sn2006X,Ia,6,31.1,False,,,,
sn2006X,Ia,7,32.0,False,,,,
sn2006X,Ia,8,33.2,False,,,,
sn2006X,Ia,9,34.0,False,,,,
sn2006X,Ia,10,39.1,False,,,,
sn2006X,Ia,11,42.0,False,,,,
sn2006X,Ia,12,4.2,False,,,,
sn2006X,Ia,13,43.0,False,,,,
sn2006X,Ia,14,59.8,False,,,,
sn2006X,Ia,15,62.8,False,,,,
sn2006X,Ia,16,72.7,False,,,,
sn2006X,Ia,17,150.3,False,,,,
sn2006X,Ia,18,275.1,False,,,,
sn2006X,Ia,19,5.2,False,,,,
sn2006X,Ia,20,6.2,False,,,,
sn2006X,Ia,21,7.3,False,,,,
sn2006X,Ia,22,8.2,False,,,,
sn2006X,Ia,23,10.3,False,,,,
sn2006X,Ia,24,11.2,False,,,,
sn2006X,Ia,25,12.3,False,,,,
sn2007A,Ia,0,-3.4,False,,,,
sn2007A,Ia,1,-2.4,False,,,,
sn2007A,Ia,2,4.5,False,,,,
sn2007ae,Ia,0,2.3,False,,,,
sn2007ae,Ia,1,3.3,False,,,,
sn2007af,Ia,0,-5.6,False,,,,
sn2007af,Ia,1,-4.6,False,,,,
sn2007af,Ia,2,5.4,False,,,,
sn2007af,Ia,3,10.2,False,,,,
sn2007af,Ia,4,11.3,False,,,,
sn2007af,Ia,5,12.3,False,,,,
sn2007af,Ia,6,24.1,False,,,,
sn2007af,Ia,7,28.2,False,,,,
sn2007af,Ia,8,31.1,False,,,,
sn2007af,Ia,9,32.1,False,,,,
sn2007af,Ia,10,34.0,False,,,,
sn2007af,Ia,11,39.0,False,,,,
sn2007af,Ia,12,-3.6,False,,,,
sn2007af,Ia,13,57.9,False,,,,
sn2007af,Ia,14,60.9,False,,,,
sn2007af,Ia,15,62.8,False,,,,
sn2007af,Ia,16,66.8,False,,,,
sn2007af,Ia,17,69.9,False,,,,
sn2007af,Ia,18,87.7,False,,,,
sn2007af,Ia,19,91.7,False,,,,
sn2007af,Ia,20,96.6,False,,,,
sn2007af,Ia,21,101.6,False,,,,
sn2007af,Ia,22,116.5,False,,,,
sn2007af,Ia,23,-2.6,False,,,,
sn2007af,Ia,24,124.5,False,,,,
sn2007af,Ia,25,300.8,False,,,,
sn2007af,Ia,26,-1.6,False,,,,
sn2007af,Ia,27,-0.6,False,,,,
sn2007af,Ia,28,0.3,False,,,,
sn2007af,Ia,29,2.3,False,,,,
sn2007af,Ia,30,3.3,False,,,,
sn2007af,Ia,31,4.3,False,,,,
sn2007al,Ia,0,2.4,False,,,,
sn2007al,Ia,1,3.3,False,,,,
sn2007al,Ia,2,4.3,False,,,,
sn2007al,Ia,3,5.3,False,,,,
sn2007al,Ia,4,8.3,False,,,,
sn2007al,Ia,5,10.1,False,,,,
sn2007al,Ia,6,10.2,False,,,,
sn2007al,Ia,7,11.3,False,,,,
sn2007ap,Ia,0,7.4,False,,,,
sn2007ap,Ia,1,11.4,False,,,,
sn2007au,Ia,0,-5.6,False,,,,
sn2007au,Ia,1,-4.7,False,,,,
sn2007au,Ia,2,-3.8,False,,,,
sn2007au,Ia,3,1.1,False,,,,
sn2007ax,Ia,0,-1.9,False,,,,
sn2007ax,Ia,1,-0.8,False,,,,
sn2007ax,Ia,2,1.1,False,,,,
sn2007ax,Ia,3,2.0,False,,,,
sn2007ax,Ia,4,10.0,False,,,,
sn2007ax,Ia,5,15.9,False,,,,
sn2007ax,Ia,6,17.0,False,,,,
sn2007ax,Ia,7,18.9,False,,,,
sn2007ax,Ia,8,20.9,False,,,,
sn2007ba,Ia,0,3.1,False,,,,
sn2007ba,Ia,1,5.1,False,,,,
sn2007ba,Ia,2,6.0,False,,,,
sn2007bc,Ia,0,-2.6,False,,,,
sn2007bc,Ia,1,4.3,False,,,,
sn2007bc,Ia,2,6.2,False,,,,
sn2007bc,Ia,3,7.3,False,,,,
sn2007bc,Ia,4,30.7,False,,,,
sn2007bc,Ia,5,35.6,False,,,,
sn2007bc,Ia,6,43.4,False,,,,
sn2007bc,Ia,7,60.1,False,,,,
sn2007bd,Ia,0,-9.0,False,,,,
sn2007bd,Ia,1,-8.1,False,,,,
sn2007bd,Ia,2,-4.2,False,,,,
sn2007bd,Ia,3,-1.3,False,,,,
sn2007bd,Ia,4,1.7,False,,,,
sn2007bd,Ia,5,8.4,False,,,,
sn2007bj,Ia,0,12.0,False,,,,
sn2007bj,Ia,1,14.9,False,,,,
sn2007bj,Ia,2,33.5,False,,,,
sn2007bj,Ia,3,38.5,False,,,,
sn2007bj,Ia,4,42.4,False,,,,
sn2007bj,Ia,5,59.0,False,,,,
sn2007bj,Ia,6,63.0,False,,,,
sn2007bm,Ia,0,-11.2,False,,,,
sn2007bm,Ia,1,-9.3,False,,,,
sn2007bm,Ia,2,45.4,False,,,,
sn2007bm,Ia,3,6.6,False,,,,
sn2007bm,Ia,4,9.6,False,,,,
sn2007bm,Ia,5,12.6,False,,,,
sn2007bm,Ia,6,15.6,False,,,,
sn2007bm,Ia,7,17.5,False,,,,
sn2007bm,Ia,8,20.5,False,,,,
sn2007bm,Ia,9,34.4,False,,,,
sn2007bm,Ia,10,38.4,False,,,,
sn2007bz,Ia,0,17.0,False,,,,
sn2007ca,Ia,0,3.4,False,,,,
sn2007ca,Ia,1,5.5,False,,,,
sn2007ca,Ia,2,6.4,False,,,,
sn2007ca,Ia,3,9.4,False,,,,
sn2007ca,Ia,4,11.4,False,,,,
sn2007ca,Ia,5,13.3,False,,,,
sn2007ca,Ia,6,34.9,False,,,,
sn2007ca,Ia,7,38.0,False,,,,
sn2007ca,Ia,8,45.8,False,,,,
sn2007cg,Ia,0,5.5,False,,,,
sn2007cg,Ia,1,6.5,False,,,,
sn2007cg,Ia,2,7.5,False,,,,
sn2007ci,Ia,0,-8.1,False,,,,
sn2007ci,Ia,1,-7.1,False,,,,
sn2007ci,Ia,2,21.4,False,,,,
sn2007ci,Ia,3,-6.1,False,,,,
sn2007ci,Ia,4,-5.1,False,,,,
sn2007ci,Ia,5,-4.2,False,,,,
sn2007ci,Ia,6,-2.2,False,,,,
sn2007ci,Ia,7,-1.2,False,,,,
sn2007ci,Ia,8,12.5,False,,,,
sn2007ci,Ia,9,16.5,False,,,,
sn2007ci,Ia,10,18.4,False,,,,
sn2007co,Ia,0,-5.1,False,,,,
sn2007co,Ia,1,-4.1,False,,,,
sn2007co,Ia,2,5.7,False,,,,
sn2007co,Ia,3,6.6,False,,,,
sn2007co,Ia,4,7.5,False,,,,
sn2007co,Ia,5,8.6,False,,,,
sn2007co,Ia,6,10.5,False,,,,
sn2007co,Ia,7,11.5,False,,,,
sn2007co,Ia,8,87.2,False,,,,
sn2007co,Ia,9,-3.1,False,,,,
sn2007co,Ia,10,-1.2,False,,,,
sn2007co,Ia,11,-0.2,False,,,,
sn2007co,Ia,12,0.8,False,,,,
sn2007co,Ia,13,1.7,False,,,,
sn2007co,Ia,14,2.7,False,,,,
sn2007co,Ia,15,3.7,False,,,,
sn2007co,Ia,16,4.6,False,,,,
sn2007cq,Ia,0,-5.0,False,,,,
sn2007cq,Ia,1,-4.0,False,,,,
sn2007F,Ia,0,-8.7,False,,,,
sn2007F,Ia,1,-7.7,False,,,,
sn2007F,Ia,2,44.0,False,,,,
sn2007F,Ia,3,52.7,False,,,,
sn2007F,Ia,4,80.0,False,,,,
sn2007F,Ia,5,-6.7,False,,,,
sn2007F,Ia,6,-5.7,False,,,,
sn2007F,Ia,7,-1.8,False,,,,
sn2007F,Ia,8,-0.9,False,,,,
sn2007F,Ia,9,3.0,False,,,,
sn2007F,Ia,10,17.6,False,,,,
sn2007F,Ia,11,26.4,False,,,,
sn2007F,Ia,12,32.3,False,,,,
sn2007fb,Ia,0,1.7,False,,,,
sn2007fb,Ia,1,5.6,False,,,,
sn2007fb,Ia,2,10.6,False,,,,
sn2007fb,Ia,3,12.6,False,,,,
sn2007fb,Ia,4,13.6,False,,,,
sn2007fb,Ia,5,14.5,False,,,,
sn2007fb,Ia,6,59.6,False,,,,
sn2007fb,Ia,7,63.5,False,,,,
sn2007fb,Ia,8,65.5,False,,,,
sn2007fb,Ia,9,99.8,False,,,,
sn2007fr,Ia,0,-1.154,False,,,,
sn2007fs,Ia,0,3.1,False,,,,
sn2007fs,Ia,1,4.1,False,,,,
sn2007fs,Ia,2,5.1,False,,,,
sn2007fs,Ia,3,48.2,False,,,,
sn2007fs,Ia,4,51.1,False,,,,
sn2007fs,Ia,5,55.1,False,,,,
sn2007fs,Ia,6,60.9,False,,,,
sn2007fs,Ia,7,85.4,False,,,,
sn2007gk,Ia,0,-1.718,False,,,,
sn2007gk,Ia,1,19.649,False,,,,
sn2007hj,Ia,0,-2.6,False,,,,
sn2007hj,Ia,1,-1.5,False,,,,
sn2007hj,Ia,2,12.3,False,,,,
sn2007hj,Ia,3,14.2,False,,,,
sn2007hj,Ia,4,32.9,False,,,,
sn2007hj,Ia,5,36.8,False,,,,
sn2007hj,Ia,6,-0.6,False,,,,
sn2007hj,Ia,7,1.4,False,,,,
sn2007hj,Ia,8,2.4,False,,,,
sn2007hj,Ia,9,3.4,False,,,,
sn2007hj,Ia,10,4.4,False,,,,
sn2007hj,Ia,11,6.3,False,,,,
sn2007hj,Ia,12,7.3,False,,,,
sn2007hj,Ia,13,8.2,False,,,,
sn2007if,Ia,0,-9.2,False,,,,
sn2007if,Ia,1,-7.5,False,,,,
sn2007if,Ia,2,9.4,False,,,,
sn2007if,Ia,3,10.3,False,,,,
sn2007if,Ia,4,13.1,False,,,,
sn2007if,Ia,5,13.9,False,,,,
sn2007if,Ia,6,14.1,False,,,,
sn2007if,Ia,7,15.7,False,,,,
sn2007if,Ia,8,15.9,False,,,,
sn2007if,Ia,9,23.3,False,,,,
sn2007if,Ia,10,24.0,False,,,,
sn2007if,Ia,11,25.2,False,,,,
sn2007if,Ia,12,-6.6,False,,,,
sn2007if,Ia,13,28.0,False,,,,
sn2007if,Ia,14,32.5,False,,,,
sn2007if,Ia,15,33.3,False,,,,
sn2007if,Ia,16,33.4,False,,,,
sn2007if,Ia,17,34.4,False,,,,
sn2007if,Ia,18,36.1,False,,,,
sn2007if,Ia,19,36.3,False,,,,
sn2007if,Ia,20,37.2,False,,,,
sn2007if,Ia,21,39.1,False,,,,
sn2007if,Ia,22,41.9,False,,,,
sn2007if,Ia,23,-2.9,False,,,,
sn2007if,Ia,24,43.8,False,,,,
sn2007if,Ia,25,48.4,False,,,,
sn2007if,Ia,26,51.2,False,,,,
sn2007if,Ia,27,56.7,False,,,,
sn2007if,Ia,28,61.4,False,,,,
sn2007if,Ia,29,62.3,False,,,,
sn2007if,Ia,30,66.9,False,,,,
sn2007if,Ia,31,118.9,False,,,,
sn2007if,Ia,32,4.7,False,,,,
sn2007if,Ia,33,5.6,False,,,,
sn2007if,Ia,34,6.1,False,,,,
sn2007if,Ia,35,6.6,False,,,,
sn2007if,Ia,36,7.4,False,,,,
sn2007if,Ia,37,9.4,False,,,,
sn2007jg,Ia,0,-2.3,False,,,,
sn2007jg,Ia,1,13.1,False,,,,
sn2007kk,Ia,0,-1.7,False,,,,
sn2007kk,Ia,1,-0.8,False,,,,
sn2007kk,Ia,2,9.8,False,,,,
sn2007kk,Ia,3,21.3,False,,,,
sn2007kk,Ia,4,25.1,False,,,,
sn2007kk,Ia,5,30.0,False,,,,
sn2007kk,Ia,6,90.4,False,,,,
sn2007kk,Ia,7,1.1,False,,,,
sn2007kk,Ia,8,2.1,False,,,,
sn2007kk,Ia,9,3.2,False,,,,
sn2007kk,Ia,10,4.1,False,,,,
sn2007kk,Ia,11,5.0,False,,,,
sn2007kk,Ia,12,5.9,False,,,,
sn2007kk,Ia,13,7.9,False,,,,
sn2007kk,Ia,14,8.8,False,,,,
sn2007le,Ia,0,-10.3,False,,,,
sn2007le,Ia,1,-8.4,False,,,,
sn2007le,Ia,2,12.4,False,,,,
sn2007le,Ia,3,13.4,False,,,,
sn2007le,Ia,4,14.4,False,,,,
sn2007le,Ia,5,15.4,False,,,,
sn2007le,Ia,6,16.4,False,,,,
sn2007le,Ia,7,17.4,False,,,,
sn2007le,Ia,8,18.3,False,,,,
sn2007le,Ia,9,19.3,False,,,,
sn2007le,Ia,10,20.3,False,,,,
sn2007le,Ia,11,21.3,False,,,,
sn2007le,Ia,12,-7.4,False,,,,
sn2007le,Ia,13,39.2,False,,,,
sn2007le,Ia,14,40.1,False,,,,
sn2007le,Ia,15,48.2,False,,,,
sn2007le,Ia,16,50.1,False,,,,
sn2007le,Ia,17,53.1,False,,,,
sn2007le,Ia,18,67.0,False,,,,
sn2007le,Ia,19,77.9,False,,,,
sn2007le,Ia,20,-6.4,False,,,,
sn2007le,Ia,21,5.4,False,,,,
sn2007le,Ia,22,7.4,False,,,,
sn2007le,Ia,23,8.4,False,,,,
sn2007le,Ia,24,9.5,False,,,,
sn2007le,Ia,25,10.4,False,,,,
sn2007le,Ia,26,11.4,False,,,,
sn2007nq,Ia,0,6.3,False,,,,
sn2007nq,Ia,1,9.2,False,,,,
sn2007qe,Ia,0,-9.4,False,,,,
sn2007qe,Ia,1,-8.6,False,,,,
sn2007qe,Ia,2,8.0,False,,,,
sn2007qe,Ia,3,9.0,False,,,,
sn2007qe,Ia,4,10.9,False,,,,
sn2007qe,Ia,5,18.7,False,,,,
sn2007qe,Ia,6,18.7,False,,,,
sn2007qe,Ia,7,20.7,False,,,,
sn2007qe,Ia,8,22.6,False,,,,
sn2007qe,Ia,9,33.4,False,,,,
sn2007S,Ia,0,-4.7,False,,,,
sn2007S,Ia,1,-3.7,False,,,,
sn2007S,Ia,2,-2.7,False,,,,
sn2007S,Ia,3,-0.7,False,,,,
sn2007S,Ia,4,6.2,False,,,,
sn2007S,Ia,5,8.1,False,,,,
sn2007S,Ia,6,12.1,False,,,,
sn2007S,Ia,7,13.1,False,,,,
sn2007S,Ia,8,24.9,False,,,,
sn2007S,Ia,9,33.7,False,,,,
sn2007sr,Ia,0,14.5,False,,,,
sn2007sr,Ia,1,15.6,False,,,,
sn2007sr,Ia,2,116.7,False,,,,
sn2007sr,Ia,3,190.0,False,,,,
sn2007sr,Ia,4,16.5,False,,,,
sn2007sr,Ia,5,17.5,False,,,,
sn2007sr,Ia,6,19.5,False,,,,
sn2007sr,Ia,7,27.5,False,,,,
sn2007sr,Ia,8,45.4,False,,,,
sn2007sr,Ia,9,77.0,False,,,,
sn2007sr,Ia,10,85.0,False,,,,
sn2007sr,Ia,11,108.8,False,,,,
sn2007ux,Ia,0,5.8,False,,,,
sn2007ux,Ia,1,15.5,False,,,,
sn2008A,Ia,0,-7.9,False,,,,
sn2008A,Ia,1,-6.9,False,,,,
sn2008A,Ia,2,23.6,False,,,,
sn2008A,Ia,3,27.5,False,,,,
sn2008A,Ia,4,31.5,False,,,,
sn2008A,Ia,5,43.3,False,,,,
sn2008A,Ia,6,-3.9,False,,,,
sn2008A,Ia,7,-3.0,False,,,,
sn2008A,Ia,8,-1.9,False,,,,
sn2008A,Ia,9,-1.0,False,,,,
sn2008A,Ia,10,0.0,False,,,,
sn2008A,Ia,11,1.0,False,,,,
sn2008A,Ia,12,18.7,False,,,,
sn2008A,Ia,13,20.6,False,,,,
sn2008ae,Ia,0,-1.0,False,,,,
sn2008ae,Ia,1,-0.1,False,,,,
sn2008ae,Ia,2,0.9,False,,,,
sn2008ae,Ia,3,1.9,False,,,,
sn2008ae,Ia,4,2.8,False,,,,
sn2008af,Ia,0,5.9,False,,,,
sn2008af,Ia,1,24.3,False,,,,
sn2008ar,Ia,0,-8.5,False,,,,
sn2008ar,Ia,1,-7.5,False,,,,
sn2008ar,Ia,2,4.1,False,,,,
sn2008ar,Ia,3,5.0,False,,,,
sn2008ar,Ia,4,7.2,False,,,,
sn2008ar,Ia,5,22.6,False,,,,
sn2008ar,Ia,6,25.7,False,,,,
sn2008ar,Ia,7,28.4,False,,,,
sn2008ar,Ia,8,55.6,False,,,,
sn2008ar,Ia,9,105.1,False,,,,
sn2008ar,Ia,10,-6.6,False,,,,
sn2008ar,Ia,11,-4.6,False,,,,
sn2008ar,Ia,12,-3.7,False,,,,
sn2008ar,Ia,13,-2.7,False,,,,
sn2008ar,Ia,14,-1.7,False,,,,
sn2008ar,Ia,15,-0.7,False,,,,
sn2008ar,Ia,16,1.2,False,,,,
sn2008ar,Ia,17,3.1,False,,,,
sn2008bf,Ia,0,0.7,False,,,,
sn2008bf,Ia,1,2.6,False,,,,
sn2008bf,Ia,2,38.7,False,,,,
sn2008bf,Ia,3,41.5,False,,,,
sn2008bf,Ia,4,60.0,False,,,,
sn2008bf,Ia,5,67.9,False,,,,
sn2008bf,Ia,6,3.6,False,,,,
sn2008bf,Ia,7,4.5,False,,,,
sn2008bf,Ia,8,7.5,False,,,,
sn2008bf,Ia,9,10.4,False,,,,
sn2008bf,Ia,10,11.4,False,,,,
sn2008bf,Ia,11,13.3,False,,,,
sn2008bf,Ia,12,16.2,False,,,,
sn2008bf,Ia,13,31.8,False,,,,
sn2008bt,Ia,0,10.967,False,,,,
sn2008C,Ia,0,4.4,False,,,,
sn2008C,Ia,1,8.3,False,,,,
sn2008C,Ia,2,10.3,False,,,,
sn2008C,Ia,3,12.3,False,,,,
sn2008C,Ia,4,90.8,False,,,,
sn2008ds,Ia,0,-4.93,False,,,,
sn2008ds,Ia,1,-0.077,False,,,,
sn2008ds,Ia,2,2.915,False,,,,
sn2008ds,Ia,3,21.426,False,,,,
sn2008ds,Ia,4,51.911,False,,,,
sn2008ds,Ia,5,56.774,False,,,,
sn2008ds,Ia,6,63.437,False,,,,
sn2008ds,Ia,7,78.227,False,,,,
sn2008ds,Ia,8,92.827,False,,,,
sn2008ec,Ia,0,-0.237,False,,,,
sn2008ec,Ia,1,5.696,False,,,,
sn2008ec,Ia,2,12.509,False,,,,
sn2008ec,Ia,3,30.179,False,,,,
sn2008ec,Ia,4,42.993,False,,,,
sn2008ec,Ia,5,71.575,False,,,,
sn2008hs,Ia,0,-7.936,False,,,,
sn2008L,Ia,0,5.6,False,,,,
sn2008Q,Ia,0,-7.2,False,,,,
sn2008Q,Ia,1,-6.2,False,,,,
sn2008Q,Ia,2,-3.2,False,,,,
sn2008Q,Ia,3,-2.2,False,,,,
sn2008Q,Ia,4,-1.2,False,,,,
sn2008Q,Ia,5,-0.3,False,,,,
sn2008R,Ia,0,5.3,False,,,,
sn2008Z,Ia,0,-9.2,False,,,,
sn2008Z,Ia,1,-8.2,False,,,,
sn2008Z,Ia,2,21.1,False,,,,
sn2008Z,Ia,3,23.1,False,,,,
sn2008Z,Ia,4,41.6,False,,,,
sn2008Z,Ia,5,47.5,False,,,,
sn2008Z,Ia,6,56.2,False,,,,
sn2008Z,Ia,7,-7.3,False,,,,
sn2008Z,Ia,8,-6.3,False,,,,
sn2008Z,Ia,9,-5.3,False,,,,
sn2008Z,Ia,10,-4.3,False,,,,
sn2008Z,Ia,11,7.6,False,,,,
sn2008Z,Ia,12,10.3,False,,,,
sn2008Z,Ia,13,12.3,False,,,,
sn2008Z,Ia,14,17.2,False,,,,
sn2013bh,Ia,0,1.0,False,,,,
sn2013bh,Ia,1,2.0,False,,,,
sn2013bh,Ia,2,9.0,False,,,,
sn2013bh,Ia,3,9.0,False,,,,
sn2013bh,Ia,4,15.0,False,,,,
sn2013bh,Ia,5,15.0,False,,,,
sn2013gr,Ia,0,-13.0,False,,,,
sn2013gr,Ia,1,-11.0,False,,,,
sn2013gr,Ia,2,47.0,False,,Galaxy,-0.009626,27.947
sn2013gr,Ia,3,56.0,False,,,,
sn2013gr,Ia,4,70.0,False,,,,
sn2013gr,Ia,5,87.0,False,,,,
sn2013gr,Ia,6,-5.0,False,,,,
sn2013gr,Ia,7,-3.0,False,,,,
sn2013gr,Ia,8,8.0,False,,,,
sn2013gr,Ia,9,11.0,False,,,,
sn2013gr,Ia,10,13.0,False,,,,
sn2013gr,Ia,11,21.0,False,,,,
sn2013gr,Ia,12,26.0,False,,,,
sn2013gr,Ia,13,40.0,False,,,,
sn2013u,Ia,0,14.0,False,,,,
sn2013u,Ia,1,24.0,False,,,,
sn2014eg,Ia,0,-8.0,False,,,,
sn2014eg,Ia,1,-6.0,False,,,,
sn2014eg,Ia,2,-2.0,False,,,,
sn2014eg,Ia,3,0.0,False,,,,
sn2014eg,Ia,4,13.0,False,,,,
sn2014eg,Ia,5,20.0,False,,,,
sn2014eg,Ia,6,28.0,False,,,,
sn2014eg,Ia,7,44.0,False,,,,
sn2014eg,Ia,8,75.0,False,,,,
sn2015bo,Ia,0,-10.0,False,,,,
sn2015bo,Ia,1,-6.0,False,,,,
sn2015bo,Ia,2,17.0,False,,,,
sn2015bo,Ia,3,17.0,False,,,,
sn2015H,Ia,0,6.0,False,,,,
sn2015H,Ia,1,16.0,False,,,,
sn2015H,Ia,2,47.0,False,,,,
sn2015H,Ia,3,10.0,False,,,,
sn2015H,Ia,4,47.0,False,,,,
sn2015H,Ia,5,3.0,False,,,,
sn2015H,Ia,6,31.0,False,,,,
sn2016ado,Ia,0,13.0,False,,,,
sn2016ado,Ia,1,20.0,False,,,,
sn2016hnk,Ia,0,4.0,False,,,,
sn2016hnk,Ia,1,7.0,False,,,,
sn2016hnk,Ia,2,9.0,False,,,,
sn2016hnk,Ia,3,20.0,False,,,,
sn2016hnk,Ia,4,30.0,False,,,,
sn2016hnk,Ia,5,35.0,False,,,,
sn2016hnk,Ia,6,51.0,False,,,,
sn2016hnk,Ia,7,51.0,False,,,,
sn2016hnk,Ia,8,60.0,False,,,,
sn2016ije,Ia,0,4.0,False,,,,
sn2016ije,Ia,1,7.0,False,,,,
sn2016ije,Ia,2,25.0,False,,,,
sn2016ije,Ia,3,42.0,False,,,,
sn2016ije,Ia,4,55.0,False,,,,
sn2016iks,Ia,0,-39.0,False,,Galaxy,-0.001572,11.367
sn2016iks,Ia,1,-35.0,False,,Galaxy,0.758780,7.953
sn2016iks,Ia,2,-27.0,False,,Galaxy,-0.001304,9.336
sn2016iks,Ia,3,-23.0,False,,Galaxy,-0.001266,10.000
sn2016iks,Ia,4,-13.0,False,,Galaxy,-0.001342,8.081
sn2016iks,Ia,5,-7.0,False,,,,
sn2016iks,Ia,6,63.0,False,,,,
sn2017awz,Ia,0,-11.0,False,,,,
sn2017awz,Ia,1,-10.0,False,,,,
sn2017awz,Ia,2,-4.0,False,,,,
sn2017awz,Ia,3,5.0,False,,,,
sn2017awz,Ia,4,7.0,False,,,,
sn2017awz,Ia,5,24.0,False,,,,
sn2017awz,Ia,6,46.0,False,,Galaxy,-0.000712,8.411
sn2017awz,Ia,7,94.0,False,,Galaxy,-0.000159,9.155
sn2017dfb,Ia,0,-9.0,False,,,,
sn2017dfb,Ia,1,-6.0,False,,,,
sn2017dfb,Ia,2,25.0,False,,,,
sn2017eby,Ia,0,-19.0,False,,Galaxy,0.000070,9.901
sn2017eby,Ia,1,-17.0,False,,,,
sn2017eby,Ia,2,57.0,False,,,,
sn2017ifu,Ia,0,12.0,False,,,,
sn2018apo,Ia,0,-9.0,False,,,,
sn2018apo,Ia,1,3.0,False,,,,
sn2018apo,Ia,2,33.0,False,,,,
sn2018bie,Ia,0,-16.0,False,,,,
sn2018bie,Ia,1,-7.0,False,,,,
sn2018hjw,Ia,0,6.0,False,,,,
sn2018hjw,Ia,1,26.0,False,,,,
sn2019akg,Ia,0,12.0,False,,,,
sn2019akg,Ia,1,21.0,False,,,,
sn2019bka,Ia,0,-4.0,False,,,,
sn2019bka,Ia,1,4.0,False,,,,
sn2019so,Ia,0,-9.0,False,,,,
sn2019so,Ia,1,-7.0,False,,,,
sn2019so,Ia,2,1.0,False,,,,
sn2019so,Ia,3,6.0,False,,,,
sn2019so,Ia,4,34.0,False,,,,
sn2019so,Ia,5,43.0,False,,,,
sn2022vqz,Ia,0,-11.0,False,,,,
sn2022vqz,Ia,1,4.0,False,,,,
sn2022vqz,Ia,2,7.0,False,,,,
SNLS03D3bb,Ia,0,2.0,False,,,,
at2017gfo,KN,0,0.7,False,,,,
at2017gfo,KN,1,1.7,False,,,,
at2017gfo,KN,2,2.7,False,,,,
at2017gfo,KN,3,3.7,False,,,,
at2017gfo,KN,4,4.7,False,,,,
at2017gfo,KN,5,5.8,False,,,,
at2017gfo,KN,6,6.7,False,,,,
at2017gfo,KN,7,7.8,False,,,,
at2017gfo,KN,8,8.8,False,,,,
at2017gfo,KN,9,9.8,False,,,,
CSS140421,Ibn,0,5.0,False,,,,
CSS140421,Ibn,1,6.0,False,,,,
CSS140421,Ibn,2,13.0,False,,,,
CSS140421,Ibn,3,17.0,False,,,,
OGLE2012sn00,Ibn,0,35.0,False,,,,
OGLE2012sn00,Ibn,1,94.0,False,,,,
OGLE2012sn00,Ibn,2,125.0,False,,,,
OGLE2012sn00,Ibn,3,125.0,False,,,,
OGLE2012sn00,Ibn,4,151.0,False,,,,
sn2000er,Ibn,0,4.7,False,,,,
sn2000er,Ibn,1,5.7,False,,,,
sn2000er,Ibn,2,6.7,False,,,,
sn2000er,Ibn,3,8.7,False,,,,
sn2000er,Ibn,4,9.7,False,,,,
sn2002ao,Ibn,0,21.6,False,,,,
sn2002ao,Ibn,1,23.6,False,,,,
sn2002ao,Ibn,2,28.3,False,,,,
sn2002ao,Ibn,3,30.6,False,,,,
sn2005la,Ibn,0,14.0,False,,,,
sn2005la,Ibn,1,15.0,False,,,,
sn2005la,Ibn,2,16.0,False,,,,
sn2005la,Ibn,3,17.0,False,,,,
sn2005la,Ibn,4,18.0,False,,,,
sn2006jc,Ibn,0,5.5,False,,,,
sn2006jc,Ibn,1,7.5,False,,,,
sn2006jc,Ibn,2,19.5,False,,,,
sn2006jc,Ibn,3,30.5,False,,,,
sn2006jc,Ibn,4,33.5,False,,,,
sn2006jc,Ibn,5,35.5,False,,,,
sn2006jc,Ibn,6,38.5,False,,,,
sn2006jc,Ibn,7,42.5,False,,,,
sn2006jc,Ibn,8,43.0,False,,,,
sn2006jc,Ibn,9,47.5,False,,,,
sn2006jc,Ibn,10,61.5,False,,,,
sn2006jc,Ibn,11,63.5,False,,,,
sn2006jc,Ibn,12,8.5,False,,,,
sn2006jc,Ibn,13,64.5,False,,,,
sn2006jc,Ibn,14,65.5,False,,,,
sn2006jc,Ibn,15,9.5,False,,,,
sn2006jc,Ibn,16,10.5,False,,,,
sn2006jc,Ibn,17,11.5,False,,,,
sn2006jc,Ibn,18,12.5,False,,,,
sn2006jc,Ibn,19,15.5,False,,,,
sn2006jc,Ibn,20,17.5,False,,,,
sn2006jc,Ibn,21,18.5,False,,,,
sn2018gjx,Ibn,0,1.0,False,,,,
sn2018gjx,Ibn,1,16.0,False,,,,
sn2018gjx,Ibn,2,50.0,False,,,,
sn2018gjx,Ibn,3,76.0,False,,,,
sn2018jmt,Ibn,0,-2.0,False,,,,
sn2018jmt,Ibn,1,-1.0,False,,,,
sn2018jmt,Ibn,2,14.0,False,,,,
DES13S2cmm,SLSN,0,35.057,False,,,,
DES14X3taz,SLSN,0,-19.59,False,,,,
DES14X3taz,SLSN,1,-12.749,False,,,,
iPTF13ajg,SLSN,0,-8.966,False,,,,
iPTF13ajg,SLSN,1,-8.391,False,,,,
iPTF13ajg,SLSN,2,-4.368,False,,,,
iPTF13ajg,SLSN,3,7.701,False,,,,
iPTF13ajg,SLSN,4,9.425,False,,,,
iPTF13ajg,SLSN,5,24.943,False,,,,
iPTF13ajg,SLSN,6,27.241,False,,,,
iPTF13ajg,SLSN,7,45.632,False,,,,
iPTF13ajg,SLSN,8,79.54,False,,,,
iPTF13ehe,SLSN,0,-8.872,False,,,,
iPTF13ehe,SLSN,1,-5.113,False,,,,
LSQ12dlf,SLSN,0,6.4,False,,,,
LSQ12dlf,SLSN,1,8.0,False,,,,
LSQ12dlf,SLSN,2,8.0,False,,,,
LSQ12dlf,SLSN,3,15.2,False,,,,
LSQ12dlf,SLSN,4,20.0,False,,,,
LSQ12dlf,SLSN,5,32.8,False,,,,
LSQ12dlf,SLSN,6,32.8,False,,,,
LSQ12dlf,SLSN,7,43.2,False,,,,
LSQ12dlf,SLSN,8,43.2,False,,,,
LSQ14an,SLSN,0,416.0,False,,,,
LSQ14an,SLSN,1,421.0,False,,,,
LSQ14an,SLSN,2,443.0,False,,,,
LSQ14an,SLSN,3,467.0,False,,,,
LSQ14an,SLSN,4,481.0,False,,,,
LSQ14an,SLSN,5,526.0,False,,Galaxy,0.000424,6.682
LSQ14an,SLSN,6,526.0,False,,Galaxy,0.000011,6.827
LSQ14bdq,SLSN,0,-18.889,False,,,,
LSQ14fxj,SLSN,0,42.0,False,,,,
LSQ14fxj,SLSN,1,51.0,False,,,,
LSQ14fxj,SLSN,2,62.0,False,,,,
LSQ14mo,SLSN,0,11.0,False,,,,
LSQ14mo,SLSN,1,-3.0,False,,,,
LSQ14mo,SLSN,2,11.0,False,,,,
LSQ14mo,SLSN,3,-3.0,False,,,,
LSQ14mo,SLSN,4,19.0,False,,,,
LSQ14mo,SLSN,5,-9.0,False,,,,
LSQ14mo,SLSN,6,-9.0,False,,,,
LSQ14mo,SLSN,7,-3.0,False,,,,
LSQ14mo,SLSN,8,-9.0,False,,,,
LSQ14mo,SLSN,9,11.0,False,,,,
LSQ14mo,SLSN,10,19.0,False,,,,
LSQ15abl,SLSN,0,-7.0,False,,,,
LSQ15abl,SLSN,1,-6.0,False,,,,
PS10awh,SLSN,0,-17.82,False,,,,
PS10awh,SLSN,1,6.289,False,,,,
PS10awh,SLSN,2,12.579,False,,,,
PS10bzj,SLSN,0,6.545,False,,Galaxy,-0.000259,10.816
PS10bzj,SLSN,1,13.818,False,,,,
PS10bzj,SLSN,2,15.636,False,,Galaxy,-0.000859,9.256
PS10ky,SLSN,0,-1.534,False,,,,
PS10ky,SLSN,1,0.511,False,,,,
PS10ky,SLSN,2,14.826,False,,,,
PS10ky,SLSN,3,26.074,False,,,,
PS11ap,SLSN,0,-19.685,False,,,,
PS11ap,SLSN,1,-0.656,False,,,,
PS11ap,SLSN,2,10.499,False,,,,
PS11ap,SLSN,3,38.058,False,,,,
PS11ap,SLSN,4,78.084,False,,,,
PS11ap,SLSN,5,201.444,False,,,,
PS15br,SLSN,0,5.0,False,,,,
PS15br,SLSN,1,11.0,False,,,,
PS15br,SLSN,2,3.0,False,,,,
PS15br,SLSN,3,20.0,False,,,,
PS15br,SLSN,4,36.0,False,,,,
PS15br,SLSN,5,36.0,False,,Galaxy,0.000739,10.913
PS15br,SLSN,6,21.0,False,,,,
PS15br,SLSN,7,11.0,False,,,,
PTF09atu,SLSN,0,-19.654,False,,,,
PTF09cnd,SLSN,0,-17.568,False,,,,
PTF09cnd,SLSN,1,117.568,False,,,,
PTF09cwl,SLSN,0,-1.631,False,,,,
PTF10cwr,SLSN,0,-7.555,False,,,,
PTF10cwr,SLSN,1,-5.118,False,,,,
PTF10cwr,SLSN,2,-4.305,False,,,,
PTF10cwr,SLSN,3,3.818,False,,,,
PTF10cwr,SLSN,4,10.317,False,,,,
PTF10cwr,SLSN,5,20.877,False,,,,
PTF10cwr,SLSN,6,29.001,False,,,,
PTF10cwr,SLSN,7,56.621,False,,,,
PTF10hgi,SLSN,0,32.863,False,,,,
PTF10hgi,SLSN,1,68.366,False,,,,
PTF10hgi,SLSN,2,81.111,False,,,,
PTF11rks,SLSN,0,2.347,False,,,,
PTF11rks,SLSN,1,9.053,False,,,,
PTF11rks,SLSN,2,16.597,False,,,,
PTF11rks,SLSN,3,47.611,False,,,,
PTF12dam,SLSN,0,-15.797,False,,,,
PTF12dam,SLSN,1,-14.894,False,,,,
PTF12dam,SLSN,2,33.851,False,,,,
PTF12dam,SLSN,3,54.613,False,,,,
PTF12dam,SLSN,4,64.542,False,,,,
PTF12dam,SLSN,5,64.542,False,,,,
PTF12dam,SLSN,6,-13.992,False,,,,
PTF12dam,SLSN,7,-13.992,False,,,,
PTF12dam,SLSN,8,-7.673,False,,,,
PTF12dam,SLSN,9,-1.354,False,,,,
PTF12dam,SLSN,10,10.381,False,,,,
PTF12dam,SLSN,11,13.992,False,,,,
PTF12dam,SLSN,12,13.992,False,,,,
PTF12dam,SLSN,13,17.602,False,,,,
SCP06F6,SLSN,0,-11.421,False,,,,
SCP06F6,SLSN,1,0.457,False,,,,
SCP06F6,SLSN,2,5.025,False,,,,
sn2005ap,SLSN,0,-1.948,False,,,,
sn2005ap,SLSN,1,5.065,False,,,,
sn2005ap,SLSN,2,5.065,False,,,,
sn2006oz,SLSN,0,-4.724,False,,,,
sn2007bi,SLSN,0,48.32,False,,,,
sn2007bi,SLSN,1,53.64,False,,,,
sn2007bi,SLSN,2,55.413,False,,,,
sn2007bi,SLSN,3,101.516,False,,,,
sn2007bi,SLSN,4,133.434,False,,,,
sn2007bi,SLSN,5,367.497,False,,,,
sn2007bi,SLSN,6,470.343,False,,,,
sn2011ke,SLSN,0,8.749,False,,,,
sn2011ke,SLSN,1,14.873,False,,,,
sn2011ke,SLSN,2,23.622,False,,,,
sn2011ke,SLSN,3,30.621,False,,,,
sn2011ke,SLSN,4,38.495,False,,,,
sn2011ke,SLSN,5,44.619,False,,,,
sn2011kf,SLSN,0,24.9,False,,,,
sn2011kf,SLSN,1,51.406,False,,,,
sn2011kl,SLSN,0,-0.894,False,,,,
sn2012il,SLSN,0,12.851,False,,,,
sn2012il,SLSN,1,40.936,False,,,,
sn2012il,SLSN,2,40.936,False,,,,
sn2013dg,SLSN,0,2.778,False,,,,
sn2013dg,SLSN,1,5.159,False,,,,
sn2013dg,SLSN,2,15.476,False,,,,
sn2013dg,SLSN,3,21.032,False,,,,
sn2013dg,SLSN,4,34.524,False,,,,
sn2013dg,SLSN,5,45.635,False,,,,
sn2013hx,SLSN,0,55.0,False,,,,
sn2013hx,SLSN,1,56.0,False,,,,
sn2013hx,SLSN,2,58.0,False,,,,
sn2013hx,SLSN,3,73.0,False,,,,
sn2013hx,SLSN,4,74.0,False,,,,
sn2015bn,SLSN,0,-28.287,False,,,,
sn2015bn,SLSN,1,-27.389,False,,,,
sn2015bn,SLSN,2,19.307,False,,,,
sn2015bn,SLSN,3,30.083,False,,,,
sn2015bn,SLSN,4,30.981,False,,,,
sn2015bn,SLSN,5,43.552,False,,,,
sn2015bn,SLSN,6,49.838,False,,,,
sn2015bn,SLSN,7,57.022,False,,,,
sn2015bn,SLSN,8,71.39,False,,,,
sn2015bn,SLSN,9,83.064,False,,,,
sn2015bn,SLSN,10,89.35,False,,,,
sn2015bn,SLSN,11,98.33,False,,,,
sn2015bn,SLSN,12,-22.001,False,,,,
sn2015bn,SLSN,13,105.514,False,,,,
sn2015bn,SLSN,14,242.906,False,,,,
sn2015bn,SLSN,15,-21.103,False,,,,
sn2015bn,SLSN,16,-17.511,False,,,,
sn2015bn,SLSN,17,-8.531,False,,,,
sn2015bn,SLSN,18,-7.633,False,,,,
sn2015bn,SLSN,19,-2.245,False,,,,
sn2015bn,SLSN,20,3.143,False,,,,
sn2015bn,SLSN,21,5.837,False,,,,
sn2016els,SLSN,0,67.0,False,,,,
sn2016els,SLSN,1,98.0,False,,,,
sn2017bcc,SLSN,0,1.0,False,,,,
sn2017bcc,SLSN,1,64.0,False,,,,
sn2017ens,SLSN,0,180.0,False,,Galaxy,-0.000766,13.771
sn2017ens,SLSN,1,190.0,False,,,,
sn2017ens,SLSN,2,208.0,False,,,,
sn2017gci,SLSN,0,-8.0,False,,,,
sn2017gci,SLSN,1,-6.0,False,,,,
sn2017gci,SLSN,2,-4.0,False,,,,
sn2017gci,SLSN,3,-3.0,False,,,,
sn2017gci,SLSN,4,55.0,False,,,,
sn2017gci,SLSN,5,79.0,False,,,,
sn2017gci,SLSN,6,112.0,False,,,,
sn2017gci,SLSN,7,145.0,False,,,,
sn2018ffj,SLSN,0,87.0,False,,,,
sn2018ffj,SLSN,1,12.0,False,,,,
sn2018ffj,SLSN,2,11.0,False,,,,
sn2018ffj,SLSN,3,26.0,False,,,,
sn2018ffj,SLSN,4,87.0,False,,,,
sn2018ffj,SLSN,5,34.0,False,,,,
sn2018gft,SLSN,0,-27.0,False,,,,
sn2018gft,SLSN,1,7.0,False,,,,
sn2018gft,SLSN,2,68.0,False,,,,
sn2018hti,SLSN,0,-34.0,False,,,,
sn2018hti,SLSN,1,-27.0,False,,,,
sn2018hti,SLSN,2,-24.0,False,,,,
sn2018hti,SLSN,3,-4.0,False,,,,
sn2018hti,SLSN,4,4.0,False,,,,
sn2018hti,SLSN,5,58.0,False,,,,
sn2018ibb,SLSN,0,13.0,False,,,,
sn2018ibb,SLSN,1,37.0,False,,,,
sn2018ibb,SLSN,2,61.0,False,,,,
sn2018ibb,SLSN,3,87.0,False,,,,
sn2019cca,SLSN,0,10.0,False,,,,
SNLS06D4eu,SLSN,0,-14.683,False,,,,
SNLS07D2bv,SLSN,0,-10.0,False,,,,
SSS120810-23,SLSN,0,7.009,False,,,,
SSS120810-23,SLSN,1,7.863,False,,,,
SSS120810-23,SLSN,2,56.581,False,,,,
SSS120810-23,SLSN,3,56.581,False,,,,
SSS120810-23,SLSN,4,12.991,False,,,,
SSS120810-23,SLSN,5,31.795,False,,,,
SSS120810-23,SLSN,6,31.795,False,,,,
SSS120810-23,SLSN,7,38.632,False,,,,
SSS120810-23,SLSN,8,38.632,False,,,,
SSS120810-23,SLSN,9,38.632,False,,,,
SSS120810-23,SLSN,10,56.581,False,,,,
SSS120810-23,SLSN,11,56.581,False,,,,
iPTF13bvn,Ib,0,-15.7,False,,,,
iPTF13bvn,Ib,1,-14.7,False,,,,
iPTF13bvn,Ib,2,-1.8,False,,,,
iPTF13bvn,Ib,3,-0.8,False,,,,
iPTF13bvn,Ib,4,1.2,False,,,,
iPTF13bvn,Ib,5,8.2,False,,,,
iPTF13bvn,Ib,6,20.2,False,,,,
iPTF13bvn,Ib,7,34.2,False,,,,
iPTF13bvn,Ib,8,-13.7,False,,,,
iPTF13bvn,Ib,9,-12.7,False,,,,
iPTF13bvn,Ib,10,-11.7,False,,,,
iPTF13bvn,Ib,11,-10.8,False,,,,
iPTF13bvn,Ib,12,-8.8,False,,,,
iPTF13bvn,Ib,13,-6.8,False,,,,
iPTF13bvn,Ib,14,-5.8,False,,,,
iPTF13bvn,Ib,15,-5.8,False,,,,
LSQ15rw,Ib,0,38.0,False,,,,
LSQ15rw,Ib,1,44.0,False,,,,
LSQ15rw,Ib,2,53.0,False,,,,
sn1983N,Ib,0,4.0,False,,,,
sn1983N,Ib,1,12.0,False,,,,
sn1983N,Ib,2,227.6,False,,,,
sn1984L,Ib,0,8.0,False,,,,
sn1984L,Ib,1,9.0,False,,,,
sn1984L,Ib,2,69.6,False,,,,
sn1984L,Ib,3,70.6,False,,,,
sn1984L,Ib,4,11.9,False,,,,
sn1984L,Ib,5,12.9,False,,,,
sn1984L,Ib,6,27.9,False,,,,
sn1984L,Ib,7,31.8,False,,,,
sn1984L,Ib,8,36.8,False,,,,
sn1984L,Ib,9,37.8,False,,,,
sn1984L,Ib,10,38.8,False,,,,
sn1984L,Ib,11,56.7,False,,,,
sn1988L,Ib,0,0.0,False,,,,
sn1988L,Ib,1,47.7,False,,,,
sn1990I,Ib,0,11.3,False,,,,
sn1990I,Ib,1,19.4,False,,,,
sn1990I,Ib,2,40.1,False,,,,
sn1990I,Ib,3,41.1,False,,,,
sn1990I,Ib,4,51.0,False,,,,
sn1990I,Ib,5,64.9,False,,,,
sn1990I,Ib,6,87.7,False,,,,
sn1990I,Ib,7,234.5,False,,,,
sn1990U,Ib,0,10.9,False,,,,
sn1990U,Ib,1,11.9,False,,,,
sn1990U,Ib,2,33.7,False,,,,
sn1990U,Ib,3,40.7,False,,,,
sn1990U,Ib,4,69.5,False,,,,
sn1990U,Ib,5,92.3,False,,,,
sn1991ar,Ib,0,0.0,False,,,,
sn1991ar,Ib,1,15.8,False,,,,
sn1991ar,Ib,2,27.4,False,,,,
sn1995F,Ib,0,0.0,False,,,,
sn1995F,Ib,1,0.2,False,,,,
sn1995F,Ib,2,1.9,False,,,,
sn1995F,Ib,3,4.0,False,,,,
sn1995F,Ib,4,11.0,False,,,,
sn1995F,Ib,5,29.1,False,,,,
sn1995F,Ib,6,35.7,False,,,,
sn1995F,Ib,7,35.8,False,,,,
sn1995F,Ib,8,56.9,False,,,,
sn1995F,Ib,9,88.8,False,,,,
sn1997dc,Ib,0,0.0,False,,,,
sn1997X,Ib,0,0.0,False,,,,
sn1997X,Ib,1,2.0,False,,,,
sn1997X,Ib,2,5.0,False,,,,
sn1997X,Ib,3,7.0,False,,,,
sn1997X,Ib,4,10.0,False,,,,
sn1997X,Ib,5,26.0,False,,,,
sn1998dt,Ib,0,0.0,False,,,,
sn1998dt,Ib,1,0.9,False,,,,
sn1998dt,Ib,2,3.9,False,,,,
sn1998dt,Ib,3,6.9,False,,,,
sn1998dt,Ib,4,7.9,False,,,,
sn1998dt,Ib,5,10.7,False,,,,
sn1998dt,Ib,6,11.7,False,,,,
sn1998dt,Ib,7,16.6,False,,,,
sn1998dt,Ib,8,32.5,False,,,,
sn1998T,Ib,0,0.0,False,,,,
sn1999di,Ib,0,0.0,False,,,,
sn1999di,Ib,1,23.6,False,,,,
sn1999di,Ib,2,30.5,False,,,,
sn1999dn,Ib,0,-7.0,False,,,,
sn1999dn,Ib,1,-1.0,False,,,,
sn1999dn,Ib,2,67.0,False,,,,
sn1999dn,Ib,3,0.0,False,,,,
sn1999dn,Ib,4,3.0,False,,,,
sn1999dn,Ib,5,6.0,False,,,,
sn1999dn,Ib,6,12.0,False,,,,
sn1999dn,Ib,7,13.0,False,,,,
sn1999dn,Ib,8,17.0,False,,,,
sn1999dn,Ib,9,20.0,False,,,,
sn1999dn,Ib,10,41.0,False,,,,
sn1999ex,Ib,0,-4.5,False,,,,
sn1999ex,Ib,1,0.4,False,,,,
sn1999ex,Ib,2,9.3,False,,,,
sn2001ai,Ib,0,0.0,False,,,,
sn2001ai,Ib,1,28.0,False,,,,
sn2001ej,Ib,0,0.0,False,,,,
sn2001ej,Ib,1,1.0,False,,,,
sn2001ej,Ib,2,2.0,False,,,,
sn2001ej,Ib,3,29.0,False,,,,
sn2001ej,Ib,4,33.0,False,,,,
sn2001ej,Ib,5,55.0,False,,,,
sn2001ej,Ib,6,61.0,False,,,,
sn2001ej,Ib,7,62.0,False,,,,
sn2002ji,Ib,0,0.0,False,,,,
sn2002ji,Ib,1,5.0,False,,,,
sn2002ji,Ib,2,55.0,False,,,,
sn2002ji,Ib,3,56.0,False,,,,
sn2002ji,Ib,4,8.0,False,,,,
sn2002ji,Ib,5,22.0,False,,,,
sn2002ji,Ib,6,24.0,False,,,,
sn2002ji,Ib,7,28.0,False,,,,
sn2002ji,Ib,8,31.0,False,,,,
sn2002ji,Ib,9,33.0,False,,,,
sn2002ji,Ib,10,38.0,False,,,,
sn2002ji,Ib,11,40.0,False,,,,
sn2004ao,Ib,0,0.0,False,,,,
sn2004ao,Ib,1,1.0,False,,,,
sn2004ao,Ib,2,14.0,False,,,,
sn2004ao,Ib,3,15.0,False,,,,
sn2004ao,Ib,4,16.0,False,,,,
sn2004ao,Ib,5,31.0,False,,,,
sn2004ao,Ib,6,34.0,False,,,,
sn2004ao,Ib,7,37.0,False,,,,
sn2004ao,Ib,8,42.0,False,,,,
sn2004ao,Ib,9,45.0,False,,,,
sn2004ao,Ib,10,59.0,False,,,,
sn2004ao,Ib,11,61.0,False,,,,
sn2004ao,Ib,12,2.0,False,,,,
sn2004ao,Ib,13,67.0,False,,,,
sn2004ao,Ib,14,74.0,False,,,,
sn2004ao,Ib,15,97.0,False,,,,
sn2004ao,Ib,16,100.0,False,,,,
sn2004ao,Ib,17,129.0,False,,,,
sn2004ao,Ib,18,179.0,False,,,,
sn2004ao,Ib,19,182.0,False,,,,
sn2004ao,Ib,20,184.0,False,,,,
sn2004ao,Ib,21,192.0,False,,,,
sn2004ao,Ib,22,3.0,False,,,,
sn2004ao,Ib,23,4.0,False,,,,
sn2004ao,Ib,24,5.0,False,,,,
sn2004ao,Ib,25,6.0,False,,,,
sn2004ao,Ib,26,9.0,False,,,,
sn2004ao,Ib,27,10.0,False,,,,
sn2004ao,Ib,28,13.0,False,,,,
sn2004dk,Ib,0,14.2,False,,,,
sn2004dk,Ib,1,17.2,False,,,,
sn2004dk,Ib,2,46.1,False,,,,
sn2004gq,Ib,0,-9.0,False,,,,
sn2004gq,Ib,1,-8.1,False,,,,
sn2004gq,Ib,2,17.8,False,,,,
sn2004gq,Ib,3,20.8,False,,,,
sn2004gq,Ib,4,20.8,False,,,,
sn2004gq,Ib,5,24.7,False,,,,
sn2004gq,Ib,6,41.6,False,,,,
sn2004gq,Ib,7,54.6,False,,,,
sn2004gq,Ib,8,69.5,False,,,,
sn2004gq,Ib,9,72.5,False,,,,
sn2004gq,Ib,10,78.4,False,,,,
sn2004gq,Ib,11,84.4,False,,,,
sn2004gq,Ib,12,-7.1,False,,,,
sn2004gq,Ib,13,89.3,False,,,,
sn2004gq,Ib,14,289.1,False,,,,
sn2004gq,Ib,15,335.8,False,,,,
sn2004gq,Ib,16,343.8,False,,,,
sn2004gq,Ib,17,-6.1,False,,,,
sn2004gq,Ib,18,-5.1,False,,,,
sn2004gq,Ib,19,-2.1,False,,,,
sn2004gq,Ib,20,-1.1,False,,,,
sn2004gq,Ib,21,-0.1,False,,,,
sn2004gq,Ib,22,15.8,False,,,,
sn2004gq,Ib,23,16.8,False,,,,
sn2004gv,Ib,0,13.3,False,,,,
sn2004gv,Ib,1,15.3,False,,,,
sn2004gv,Ib,2,19.3,False,,,,
sn2004gv,Ib,3,49.3,False,,,,
sn2005ar,Ib,0,0.0,False,,,,
sn2005ar,Ib,1,2.0,False,,,,
sn2005bf,Ib,0,-29.1,False,,,,
sn2005bf,Ib,1,-27.2,False,,,,
sn2005bf,Ib,2,-5.6,False,,,,
sn2005bf,Ib,3,-4.6,False,,,,
sn2005bf,Ib,4,-3.7,False,,,,
sn2005bf,Ib,5,-2.6,False,,,,
sn2005bf,Ib,6,-1.9,False,,,,
sn2005bf,Ib,7,-0.7,False,,,,
sn2005bf,Ib,8,0.2,False,,,,
sn2005bf,Ib,9,1.2,False,,,,
sn2005bf,Ib,10,2.2,False,,,,
sn2005bf,Ib,11,2.4,False,,,,
sn2005bf,Ib,12,-26.3,False,,,,
sn2005bf,Ib,13,4.2,False,,,,
sn2005bf,Ib,14,5.2,False,,,,
sn2005bf,Ib,15,7.2,False,,,,
sn2005bf,Ib,16,21.7,False,,,,
sn2005bf,Ib,17,21.8,False,,,,
sn2005bf,Ib,18,23.6,False,,,,
sn2005bf,Ib,19,24.8,False,,,,
sn2005bf,Ib,20,27.6,False,,,,
sn2005bf,Ib,21,28.7,False,,,,
sn2005bf,Ib,22,31.7,False,,,,
sn2005bf,Ib,23,-26.2,False,,,,
sn2005bf,Ib,24,-25.2,False,,,,
sn2005bf,Ib,25,-23.3,False,,,,
sn2005bf,Ib,26,-23.2,False,,,,
sn2005bf,Ib,27,-19.5,False,,,,
sn2005bf,Ib,28,-8.6,False,,,,
sn2005bf,Ib,29,-6.6,False,,,,
sn2005hg,Ib,0,-13.29,False,,,,
sn2005hg,Ib,1,-12.29,False,,,,
sn2005hg,Ib,2,-2.29,False,,,,
sn2005hg,Ib,3,-1.29,False,,,,
sn2005hg,Ib,4,-0.29,False,,,,
sn2005hg,Ib,5,12.71,False,,,,
sn2005hg,Ib,6,16.71,False,,,,
sn2005hg,Ib,7,22.71,False,,,,
sn2005hg,Ib,8,26.71,False,,,,
sn2005hg,Ib,9,89.71,False,,,,
sn2005hg,Ib,10,-10.29,False,,,,
sn2005hg,Ib,11,-9.29,False,,,,
sn2005hg,Ib,12,-8.29,False,,,,
sn2005hg,Ib,13,-7.29,False,,,,
sn2005hg,Ib,14,-6.29,False,,,,
sn2005hg,Ib,15,-5.29,False,,,,
sn2005hg,Ib,16,-4.29,False,,,,
sn2005hg,Ib,17,-3.29,False,,,,
sn2006ep,Ib,0,-7.5,False,,,,
sn2006ep,Ib,1,8.5,False,,,,
sn2006ep,Ib,2,10.5,False,,,,
sn2006ep,Ib,3,12.5,False,,,,
sn2006ep,Ib,4,45.5,False,,,,
sn2006fo,Ib,0,0.0,False,,,,
sn2006fo,Ib,1,1.0,False,,,,
sn2006fo,Ib,2,78.0,False,,,,
sn2006lc,Ib,0,0.0,False,,,,
sn2006lc,Ib,1,1.0,False,,,,
sn2006lc,Ib,2,3.0,False,,,,
sn2006lc,Ib,3,5.0,False,,,,
sn2006ld,Ib,0,0.0,False,,,,
sn2006lv,Ib,0,0.0,False,,,,
sn2006lv,Ib,1,3.0,False,,,,
sn2006lv,Ib,2,6.0,False,,,,
sn2006lv,Ib,3,9.0,False,,,,
sn2006lv,Ib,4,12.0,False,,,,
sn2006lv,Ib,5,33.0,False,,,,
sn2007ag,Ib,0,-0.8,False,,,,
sn2007ag,Ib,1,2.5,False,,,,
sn2007ag,Ib,2,9.2,False,,,,
sn2007C,Ib,0,-5.71,False,,,,
sn2007C,Ib,1,-4.71,False,,,,
sn2007C,Ib,2,42.29,False,,,,
sn2007C,Ib,3,55.29,False,,,,
sn2007C,Ib,4,61.29,False,,,,
sn2007C,Ib,5,62.8,False,,,,
sn2007C,Ib,6,64.29,False,,,,
sn2007C,Ib,7,71.29,False,,,,
sn2007C,Ib,8,-1.0,False,,,,
sn2007C,Ib,9,-0.71,False,,,,
sn2007C,Ib,10,1.29,False,,,,
sn2007C,Ib,11,7.29,False,,,,
sn2007C,Ib,12,11.9,False,,,,
sn2007C,Ib,13,13.8,False,,,,
sn2007C,Ib,14,28.29,False,,,,
sn2007C,Ib,15,37.29,False,,,,
sn2007kj,Ib,0,-0.6,False,,,,
sn2007kj,Ib,1,4.4,False,,,,
sn2007uy,Ib,0,-13.18,False,,,,
sn2007uy,Ib,1,-11.18,False,,,,
sn2007uy,Ib,2,-6.18,False,,,,
sn2007uy,Ib,3,-5.18,False,,,,
sn2007uy,Ib,4,-3.18,False,,,,
sn2007uy,Ib,5,12.82,False,,,,
sn2007uy,Ib,6,45.82,False,,,,
sn2007uy,Ib,7,54.82,False,,,,
sn2007uy,Ib,8,75.82,False,,,,
sn2007uy,Ib,9,141.82,False,,,,
sn2007Y,Ib,0,-15.0,False,,,,
sn2007Y,Ib,1,-9.0,False,,,,
sn2007Y,Ib,2,255.0,False,,,,
sn2007Y,Ib,3,267.8,False,,,,
sn2007Y,Ib,4,-2.0,False,,,,
sn2007Y,Ib,5,4.9,False,,,,
sn2007Y,Ib,6,7.9,False,,,,
sn2007Y,Ib,7,12.8,False,,,,
sn2007Y,Ib,8,19.8,False,,,,
sn2007Y,Ib,9,37.7,False,,,,
sn2007Y,Ib,10,197.3,False,,,,
sn2007Y,Ib,11,228.2,False,,,,
sn2008D,Ib,0,-16.4,False,,,,
sn2008D,Ib,1,-14.5,False,,,,
sn2008D,Ib,2,5.5,False,,,,
sn2008D,Ib,3,9.5,False,,,,
sn2008D,Ib,4,15.4,False,,,,
sn2008D,Ib,5,19.3,False,,,,
sn2008D,Ib,6,30.1,False,,,,
sn2008D,Ib,7,31.3,False,,,,
sn2008D,Ib,8,32.2,False,,,,
sn2008D,Ib,9,42.1,False,,,,
sn2008D,Ib,10,63.9,False,,,,
sn2008D,Ib,11,90.8,False,,,,
sn2008D,Ib,12,-13.5,False,,,,
sn2008D,Ib,13,130.5,False,,,,
sn2008D,Ib,14,-13.4,False,,,,
sn2008D,Ib,15,-12.5,False,,,,
sn2008D,Ib,16,-12.4,False,,,,
sn2008D,Ib,17,-11.5,False,,,,
sn2008D,Ib,18,-9.3,False,,,,
sn2008D,Ib,19,-6.6,False,,,,
sn2008D,Ib,20,4.4,False,,,,
sn2009er,Ib,0,-5.4,False,,,,
sn2009er,Ib,1,-4.4,False,,,,
sn2009er,Ib,2,-2.5,False,,,,
sn2009er,Ib,3,-1.5,False,,,,
sn2009er,Ib,4,0.4,False,,,,
sn2009er,Ib,5,2.3,False,,,,
sn2009er,Ib,6,14.9,False,,,,
sn2009er,Ib,7,15.8,False,,,,
sn2009iz,Ib,0,-13.6,False,,,,
sn2009iz,Ib,1,-9.7,False,,,,
sn2009iz,Ib,2,5.1,False,,,,
sn2009iz,Ib,3,11.0,False,,,,
sn2009iz,Ib,4,12.0,False,,,,
sn2009iz,Ib,5,13.0,False,,,,
sn2009iz,Ib,6,20.9,False,,,,
sn2009iz,Ib,7,41.6,False,,,,
sn2009iz,Ib,8,47.5,False,,,,
sn2009jf,Ib,0,-18.0,False,,,,
sn2009jf,Ib,1,-17.0,False,,,,
sn2009jf,Ib,2,-5.0,False,,,,
sn2009jf,Ib,3,-4.0,False,,,,
sn2009jf,Ib,4,-3.0,False,,,,
sn2009jf,Ib,5,-2.0,False,,,,
sn2009jf,Ib,6,-1.0,False,,,,
sn2009jf,Ib,7,0.0,False,,,,
sn2009jf,Ib,8,1.0,False,,,,
sn2009jf,Ib,9,1.0,False,,,,
sn2009jf,Ib,10,3.0,False,,,,
sn2009jf,Ib,11,3.0,False,,,,
sn2009jf,Ib,12,-16.0,False,,,,
sn2009jf,Ib,13,7.0,False,,,,
sn2009jf,Ib,14,9.0,False,,,,
sn2009jf,Ib,15,11.0,False,,,,
sn2009jf,Ib,16,18.0,False,,,,
sn2009jf,Ib,17,24.0,False,,,,
sn2009jf,Ib,18,25.0,False,,,,
sn2009jf,Ib,19,27.0,False,,,,
sn2009jf,Ib,20,30.0,False,,,,
sn2009jf,Ib,21,31.0,False,,,,
sn2009jf,Ib,22,33.0,False,,,,
sn2009jf,Ib,23,-15.0,False,,,,
sn2009jf,Ib,24,34.0,False,,,,
sn2009jf,Ib,25,46.6,False,,,,
sn2009jf,Ib,26,48.6,False,,,,
sn2009jf,Ib,27,54.6,False,,,,
sn2009jf,Ib,28,58.5,False,,,,
sn2009jf,Ib,29,60.5,False,,,,
sn2009jf,Ib,30,66.5,False,,,,
sn2009jf,Ib,31,70.4,False,,,,
sn2009jf,Ib,32,80.3,False,,,,
sn2009jf,Ib,33,81.3,False,,,,
sn2009jf,Ib,34,-13.0,False,,,,
sn2009jf,Ib,35,82.3,False,,,,
sn2009jf,Ib,36,95.2,False,,,,
sn2009jf,Ib,37,224.2,False,,,,
sn2009jf,Ib,38,240.0,False,,,,
sn2009jf,Ib,39,246.0,False,,,,
sn2009jf,Ib,40,349.2,False,,,,
sn2009jf,Ib,41,356.1,False,,,,
sn2009jf,Ib,42,388.8,False,,,,
sn2009jf,Ib,43,-11.0,False,,,,
sn2009jf,Ib,44,-10.0,False,,,,
sn2009jf,Ib,45,-10.0,False,,,,
sn2009jf,Ib,46,-9.0,False,,,,
sn2009jf,Ib,47,-7.0,False,,,,
sn2016frp,Ib,0,-5.0,False,,,,
sn2016frp,Ib,1,-1.0,False,,,,
sn2016frp,Ib,2,8.0,False,,,,
sn2016frp,Ib,3,12.0,False,,,,
sn2016frp,Ib,4,21.0,False,,,,
sn2018beh,Ib,0,-1.0,False,,,,
sn2018beh,Ib,1,5.0,False,,,,
sn2018beh,Ib,2,16.0,False,,,,
LSQ12dwl,Ic,0,-6.0,False,,,,
LSQ12dwl,Ic,1,-4.0,False,,,,
LSQ12dwl,Ic,2,3.0,False,,,,
LSQ12dwl,Ic,3,10.0,False,,,,
LSQ12dwl,Ic,4,26.0,False,,,,
LSQ12dwl,Ic,5,32.0,False,,,,
LSQ12dwl,Ic,6,61.0,False,,,,
LSQ12dwl,Ic,7,114.0,False,,,,
PTF10bzf,Ic,0,2.2,False,,,,
PTF10bzf,Ic,1,7.0,False,,,,
PTF10qts,Ic,0,-1.2,False,,,,
PTF10qts,Ic,1,0.6,False,,,,
PTF10qts,Ic,2,9.8,False,,,,
PTF10qts,Ic,3,17.1,False,,,,
PTF10qts,Ic,4,19.9,False,,,,
PTF10qts,Ic,5,23.6,False,,,,
PTF10qts,Ic,6,234.4,False,,,,
PTF10vgv,Ic,0,-6.6,False,,,,
PTF10vgv,Ic,1,4.2,False,,,,
PTF10vgv,Ic,2,8.2,False,,,,
PTF10vgv,Ic,3,36.7,False,,,,
PTF10vgv,Ic,4,73.2,False,,,,
PTF12gzk,Ic,0,-14.7,False,,,,
PTF12gzk,Ic,1,-9.7,False,,,,
PTF12gzk,Ic,2,-8.6,False,,,,
PTF12gzk,Ic,3,-4.6,False,,,,
PTF12gzk,Ic,4,-2.6,False,,,,
PTF12gzk,Ic,5,-1.6,False,,,,
PTF12gzk,Ic,6,-0.6,False,,,,
PTF12gzk,Ic,7,1.4,False,,,,
sn1983V,Ic,0,-9.0,False,,,,
sn1983V,Ic,1,-7.0,False,,,,
sn1983V,Ic,2,17.9,False,,,,
sn1983V,Ic,3,37.8,False,,,,
sn1983V,Ic,4,-4.0,False,,,,
sn1983V,Ic,5,4.0,False,,,,
sn1983V,Ic,6,11.9,False,,,,
sn1983V,Ic,7,12.9,False,,,,
sn1983V,Ic,8,13.9,False,,,,
sn1983V,Ic,9,14.9,False,,,,
sn1983V,Ic,10,15.9,False,,,,
sn1983V,Ic,11,16.9,False,,,,
sn1990aa,Ic,0,0.0,False,,,,
sn1990aa,Ic,1,61.5,False,,,,
sn1990aa,Ic,2,116.1,False,,,,
sn1990B,Ic,0,4.0,False,,,,
sn1990B,Ic,1,5.0,False,,,,
sn1990B,Ic,2,28.3,False,,,,
sn1990B,Ic,3,31.3,False,,,,
sn1990B,Ic,4,38.7,False,,,,
sn1990B,Ic,5,41.2,False,,,,
sn1990B,Ic,6,47.4,False,,,,
sn1990B,Ic,7,58.4,False,,,,
sn1990B,Ic,8,64.5,False,,,,
sn1990B,Ic,9,71.5,False,,,,
sn1990B,Ic,10,88.0,False,,,,
sn1990B,Ic,11,100.2,False,,,,
sn1990B,Ic,12,5.9,False,,,,
sn1990B,Ic,13,115.9,False,,,,
sn1990B,Ic,14,6.0,False,,,,
sn1990B,Ic,15,7.0,False,,,,
sn1990B,Ic,16,8.9,False,,,,
sn1990B,Ic,17,9.9,False,,,,
sn1990B,Ic,18,15.4,False,,,,
sn1990B,Ic,19,22.3,False,,,,
sn1990B,Ic,20,27.6,False,,,,
sn1991A,Ic,0,0.0,False,,,,
sn1991A,Ic,1,10.9,False,,,,
sn1991A,Ic,2,16.8,False,,,,
sn1991A,Ic,3,32.6,False,,,,
sn1991A,Ic,4,47.5,False,,,,
sn1991A,Ic,5,61.4,False,,,,
sn1991A,Ic,6,65.1,False,,,,
sn1991A,Ic,7,128.3,False,,,,
sn1991N,Ic,0,0.0,False,,,,
sn1991N,Ic,1,5.7,False,,,,
sn1991N,Ic,2,6.6,False,,,,
sn1991N,Ic,3,7.6,False,,,,
sn1991N,Ic,4,12.0,False,,,,
sn1991N,Ic,5,27.9,False,,,,
sn1991N,Ic,6,250.2,False,,,,
sn1991N,Ic,7,276.1,False,,,,
sn1992ar,Ic,0,3.4,False,,,,
sn1994I,Ic,0,-5.94,False,,,,
sn1994I,Ic,1,-5.94,False,,,,
sn1994I,Ic,2,2.06,False,,,,
sn1994I,Ic,3,3.06,False,,,,
sn1994I,Ic,4,3.06,False,,,,
sn1994I,Ic,5,6.06,False,,,,
sn1994I,Ic,6,7.06,False,,,,
sn1994I,Ic,7,11.06,False,,,,
sn1994I,Ic,8,21.06,False,,,,
sn1994I,Ic,9,22.06,False,,,,
sn1994I,Ic,10,23.06,False,,,,
sn1994I,Ic,11,24.06,False,,,,
sn1994I,Ic,12,-4.94,False,,,,
sn1994I,Ic,13,25.06,False,,,,
sn1994I,Ic,14,26.06,False,,,,
sn1994I,Ic,15,28.06,False,,,,
sn1994I,Ic,16,30.06,False,,,,
sn1994I,Ic,17,32.06,False,,,,
sn1994I,Ic,18,33.06,False,,,,
sn1994I,Ic,19,34.06,False,,,,
sn1994I,Ic,20,34.06,False,,,,
sn1994I,Ic,21,36.06,False,,,,
sn1994I,Ic,22,37.06,False,,,,
sn1994I,Ic,23,-3.94,False,,,,
sn1994I,Ic,24,38.06,False,,,,
sn1994I,Ic,25,40.06,False,,,,
sn1994I,Ic,26,55.06,False,,,,
sn1994I,Ic,27,56.06,False,,,,
sn1994I,Ic,28,68.06,False,,,,
sn1994I,Ic,29,96.06,False,,,,
sn1994I,Ic,30,117.06,False,,,,
sn1994I,Ic,31,146.06,False,,,,
sn1994I,Ic,32,-2.94,False,,,,
sn1994I,Ic,33,-2.94,False,,,,
sn1994I,Ic,34,-1.94,False,,,,
sn1994I,Ic,35,-0.94,False,,,,
sn1994I,Ic,36,1.06,False,,,,
sn1994I,Ic,37,2.06,False,,,,
sn1997dq,Ic,0,0.0,False,,,,
sn1997dq,Ic,1,1.0,False,,,,
sn1997dq,Ic,2,81.7,False,,,,
sn1997dq,Ic,3,222.2,False,,,,
sn1997dq,Ic,4,14.9,False,,,,
sn1997dq,Ic,5,17.9,False,,,,
sn1997dq,Ic,6,21.9,False,,,,
sn1997dq,Ic,7,26.9,False,,,,
sn1997dq,Ic,8,27.9,False,,,,
sn1997dq,Ic,9,27.9,False,,,,
sn1997dq,Ic,10,42.8,False,,,,
sn1997dq,Ic,11,54.8,False,,,,
sn1997ef,Ic,0,-13.9,False,,,,
sn1997ef,Ic,1,-11.8,False,,,,
sn1997ef,Ic,2,12.8,False,,,,
sn1997ef,Ic,3,13.8,False,,,,
sn1997ef,Ic,4,15.7,False,,,,
sn1997ef,Ic,5,16.8,False,,,,
sn1997ef,Ic,6,18.6,False,,,,
sn1997ef,Ic,7,19.6,False,,,,
sn1997ef,Ic,8,21.6,False,,,,
sn1997ef,Ic,9,26.5,False,,,,
sn1997ef,Ic,10,37.6,False,,,,
sn1997ef,Ic,11,40.3,False,,,,
sn1997ef,Ic,12,-10.9,False,,,,
sn1997ef,Ic,13,44.3,False,,,,
sn1997ef,Ic,14,46.2,False,,,,
sn1997ef,Ic,15,48.1,False,,,,
sn1997ef,Ic,16,48.4,False,,,,
sn1997ef,Ic,17,75.0,False,,,,
sn1997ef,Ic,18,79.8,False,,,,
sn1997ef,Ic,19,86.0,False,,,,
sn1997ef,Ic,20,104.8,False,,,,
sn1997ef,Ic,21,-10.0,False,,,,
sn1997ef,Ic,22,-9.1,False,,,,
sn1997ef,Ic,23,-6.1,False,,,,
sn1997ef,Ic,24,-5.1,False,,,,
sn1997ef,Ic,25,-5.0,False,,,,
sn1997ef,Ic,26,-4.1,False,,,,
sn1997ef,Ic,27,6.9,False,,,,
sn1997ei,Ic,0,0.0,False,,,,
sn1997ei,Ic,1,10.9,False,,,,
sn1998bw,Ic,0,-11.2,False,,,,
sn1998bw,Ic,1,-9.2,False,,,,
sn1998bw,Ic,2,6.8,False,,,,
sn1998bw,Ic,3,8.8,False,,,,
sn1998bw,Ic,4,9.8,False,,,,
sn1998bw,Ic,5,10.8,False,,,,
sn1998bw,Ic,6,16.8,False,,,,
sn1998bw,Ic,7,19.8,False,,,,
sn1998bw,Ic,8,26.8,False,,,,
sn1998bw,Ic,9,42.8,False,,,,
sn1998bw,Ic,10,49.8,False,,,,
sn1998bw,Ic,11,61.8,False,,,,
sn1998bw,Ic,12,-8.2,False,,,,
sn1998bw,Ic,13,70.8,False,,,,
sn1998bw,Ic,14,91.8,False,,,,
sn1998bw,Ic,15,122.8,False,,,,
sn1998bw,Ic,16,197.8,False,,,,
sn1998bw,Ic,17,334.8,False,,,,
sn1998bw,Ic,18,373.8,False,,,,
sn1998bw,Ic,19,-5.2,False,,,,
sn1998bw,Ic,20,-4.2,False,,,,
sn1998bw,Ic,21,-3.2,False,,,,
sn1998bw,Ic,22,-1.2,False,,,,
sn1998bw,Ic,23,0.8,False,,,,
sn1998bw,Ic,24,1.8,False,,,,
sn1998bw,Ic,25,3.8,False,,,,
sn2002ap,Ic,0,-5.5,False,,,,
sn2002ap,Ic,1,-4.5,False,,,,
sn2002ap,Ic,2,4.7,False,,,,
sn2002ap,Ic,3,5.6,False,,,,
sn2002ap,Ic,4,6.5,False,,,,
sn2002ap,Ic,5,6.6,False,,,,
sn2002ap,Ic,6,9.5,False,,,,
sn2002ap,Ic,7,11.6,False,,,,
sn2002ap,Ic,8,12.7,False,,,,
sn2002ap,Ic,9,25.5,False,,,,
sn2002ap,Ic,10,26.6,False,,,,
sn2002ap,Ic,11,29.5,False,,,,
sn2002ap,Ic,12,-2.4,False,,,,
sn2002ap,Ic,13,30.5,False,,,,
sn2002ap,Ic,14,30.5,False,,,,
sn2002ap,Ic,15,119.7,False,,,,
sn2002ap,Ic,16,128.7,False,,,,
sn2002ap,Ic,17,148.6,False,,,,
sn2002ap,Ic,18,152.7,False,,,,
sn2002ap,Ic,19,154.6,False,,,,
sn2002ap,Ic,20,182.5,False,,,,
sn2002ap,Ic,21,234.1,False,,,,
sn2002ap,Ic,22,238.5,False,,,,
sn2002ap,Ic,23,-1.4,False,,,,
sn2002ap,Ic,24,267.2,False,,,,
sn2002ap,Ic,25,270.3,False,,,,
sn2002ap,Ic,26,332.1,False,,,,
sn2002ap,Ic,27,382.8,False,,,,
sn2002ap,Ic,28,-0.4,False,,,,
sn2002ap,Ic,29,0.6,False,,,,
sn2002ap,Ic,30,1.5,False,,,,
sn2002ap,Ic,31,2.7,False,,,,
sn2002ap,Ic,32,3.6,False,,,,
sn2002ap,Ic,33,4.6,False,,,,
sn2003dh,Ic,0,-9.8,False,,,,
sn2003dh,Ic,1,-9.0,False,,,,
sn2003dh,Ic,2,56.1,False,,,,
sn2003dh,Ic,3,-8.1,False,,,,
sn2003dh,Ic,4,-7.3,False,,,,
sn2003dh,Ic,5,-6.4,False,,,,
sn2003dh,Ic,6,5.6,False,,,,
sn2003dh,Ic,7,12.4,False,,,,
sn2003dh,Ic,8,14.1,False,,,,
sn2003dh,Ic,9,17.5,False,,,,
sn2003dh,Ic,10,30.4,False,,,,
sn2003jd,Ic,0,-3.6,False,,,,
sn2003jd,Ic,1,-2.6,False,,,,
sn2003jd,Ic,2,23.4,False,,,,
sn2003jd,Ic,3,26.4,False,,,,
sn2003jd,Ic,4,27.4,False,,,,
sn2003jd,Ic,5,33.4,False,,,,
sn2003jd,Ic,6,46.4,False,,,,
sn2003jd,Ic,7,47.4,False,,,,
sn2003jd,Ic,8,48.4,False,,,,
sn2003jd,Ic,9,49.4,False,,,,
sn2003jd,Ic,10,49.4,False,,,,
sn2003jd,Ic,11,51.4,False,,,,
sn2003jd,Ic,12,-1.6,False,,,,
sn2003jd,Ic,13,54.4,False,,,,
sn2003jd,Ic,14,55.4,False,,,,
sn2003jd,Ic,15,60.4,False,,,,
sn2003jd,Ic,16,73.4,False,,,,
sn2003jd,Ic,17,404.4,False,,,,
sn2003jd,Ic,18,-0.6,False,,,,
sn2003jd,Ic,19,0.4,False,,,,
sn2003jd,Ic,20,18.4,False,,,,
sn2003jd,Ic,21,19.4,False,,,,
sn2003jd,Ic,22,20.4,False,,,,
sn2003jd,Ic,23,21.4,False,,,,
sn2003jd,Ic,24,22.4,False,,,,
sn2003lw,Ic,0,-2.0,False,,,,
sn2003lw,Ic,1,7.1,False,,,,
sn2004aw,Ic,0,-5.2,False,,,,
sn2004aw,Ic,1,-3.3,False,,,,
sn2004aw,Ic,2,3.1,False,,,,
sn2004aw,Ic,3,3.6,False,,,,
sn2004aw,Ic,4,5.3,False,,,,
sn2004aw,Ic,5,12.2,False,,,,
sn2004aw,Ic,6,18.1,False,,,,
sn2004aw,Ic,7,18.4,False,,,,
sn2004aw,Ic,8,19.1,False,,,,
sn2004aw,Ic,9,21.3,False,,,,
sn2004aw,Ic,10,23.0,False,,,,
sn2004aw,Ic,11,24.9,False,,,,
sn2004aw,Ic,12,-2.2,False,,,,
sn2004aw,Ic,13,25.9,False,,,,
sn2004aw,Ic,14,30.2,False,,,,
sn2004aw,Ic,15,31.9,False,,,,
sn2004aw,Ic,16,46.0,False,,,,
sn2004aw,Ic,17,48.0,False,,,,
sn2004aw,Ic,18,229.4,False,,,,
sn2004aw,Ic,19,253.7,False,,,,
sn2004aw,Ic,20,-1.7,False,,,,
sn2004aw,Ic,21,-1.3,False,,,,
sn2004aw,Ic,22,-0.2,False,,,,
sn2004aw,Ic,23,0.8,False,,,,
sn2004aw,Ic,24,1.6,False,,,,
sn2004aw,Ic,25,1.9,False,,,,
sn2004aw,Ic,26,2.6,False,,,,
sn2004dn,Ic,0,-8.0,False,,,,
sn2004dn,Ic,1,31.0,False,,,,
sn2004dn,Ic,2,34.0,False,,,,
sn2004dn,Ic,3,53.0,False,,,,
sn2004dn,Ic,4,55.0,False,,,,
sn2004eu,Ic,0,0.0,False,,,,
sn2004eu,Ic,1,3.0,False,,,,
sn2004eu,Ic,2,5.0,False,,,,
sn2004eu,Ic,3,6.0,False,,,,
sn2004eu,Ic,4,10.0,False,,,,
sn2004eu,Ic,5,11.0,False,,,,
sn2004fe,Ic,0,-6.78,False,,,,
sn2004fe,Ic,1,-6.78,False,,,,
sn2004fe,Ic,2,-5.78,False,,,,
sn2004fe,Ic,3,-4.78,False,,,,
sn2004fe,Ic,4,-0.78,False,,,,
sn2004fe,Ic,5,0.22,False,,,,
sn2004fe,Ic,6,1.22,False,,,,
sn2004fe,Ic,7,9.22,False,,,,
sn2004fe,Ic,8,22.22,False,,,,
sn2004fe,Ic,9,241.22,False,,,,
sn2004ge,Ic,0,12.2,False,,,,
sn2004gk,Ic,0,0.0,False,,,,
sn2004gk,Ic,1,6.0,False,,,,
sn2004gk,Ic,2,18.0,False,,,,
sn2004gk,Ic,3,34.0,False,,,,
sn2004gk,Ic,4,35.0,False,,,,
sn2004gk,Ic,5,37.0,False,,,,
sn2004gk,Ic,6,40.0,False,,,,
sn2004gk,Ic,7,44.0,False,,,,
sn2004gk,Ic,8,61.0,False,,,,
sn2004gk,Ic,9,68.0,False,,,,
sn2004gk,Ic,10,74.0,False,,,,
sn2004gk,Ic,11,88.0,False,,,,
sn2004gk,Ic,12,7.0,False,,,,
sn2004gk,Ic,13,94.0,False,,,,
sn2004gk,Ic,14,98.0,False,,,,
sn2004gk,Ic,15,104.0,False,,,,
sn2004gk,Ic,16,117.0,False,,,,
sn2004gk,Ic,17,118.0,False,,,,
sn2004gk,Ic,18,128.0,False,,,,
sn2004gk,Ic,19,136.0,False,,,,
sn2004gk,Ic,20,151.0,False,,,,
sn2004gk,Ic,21,159.0,False,,,,
sn2004gk,Ic,22,219.0,False,,,,
sn2004gk,Ic,23,9.0,False,,,,
sn2004gk,Ic,24,10.0,False,,,,
sn2004gk,Ic,25,11.0,False,,,,
sn2004gk,Ic,26,12.0,False,,,,
sn2004gk,Ic,27,13.0,False,,,,
sn2004gk,Ic,28,15.0,False,,,,
sn2004gk,Ic,29,17.0,False,,,,
sn2004gt,Ic,0,16.49,False,,,,
sn2004gt,Ic,1,18.49,False,,,,
sn2004gt,Ic,2,142.49,False,,,,
sn2004gt,Ic,3,168.49,False,,,,
sn2004gt,Ic,4,187.49,False,,,,
sn2004gt,Ic,5,19.49,False,,,,
sn2004gt,Ic,6,22.49,False,,,,
sn2004gt,Ic,7,43.49,False,,,,
sn2004gt,Ic,8,48.49,False,,,,
sn2004gt,Ic,9,70.49,False,,,,
sn2004gt,Ic,10,81.49,False,,,,
sn2004gt,Ic,11,100.49,False,,,,
sn2004gt,Ic,12,132.49,False,,,,
sn2005az,Ic,0,-7.7,False,,,,
sn2005az,Ic,1,-6.7,False,,,,
sn2005az,Ic,2,24.3,False,,,,
sn2005az,Ic,3,26.3,False,,,,
sn2005az,Ic,4,28.3,False,,,,
sn2005az,Ic,5,30.3,False,,,,
sn2005az,Ic,6,31.3,False,,,,
sn2005az,Ic,7,32.3,False,,,,
sn2005az,Ic,8,33.3,False,,,,
sn2005az,Ic,9,49.3,False,,,,
sn2005az,Ic,10,57.3,False,,,,
sn2005az,Ic,11,62.3,False,,,,
sn2005az,Ic,12,-4.7,False,,,,
sn2005az,Ic,13,65.3,False,,,,
sn2005az,Ic,14,87.3,False,,,,
sn2005az,Ic,15,-2.7,False,,,,
sn2005az,Ic,16,-0.7,False,,,,
sn2005az,Ic,17,1.3,False,,,,
sn2005az,Ic,18,4.3,False,,,,
sn2005az,Ic,19,17.3,False,,,,
sn2005az,Ic,20,19.3,False,,,,
sn2005az,Ic,21,22.3,False,,,,
sn2005da,Ic,0,0.0,False,,,,
sn2005da,Ic,1,2.0,False,,,,
sn2005da,Ic,2,3.0,False,,,,
sn2005ek,Ic,0,-0.9,False,,,,
sn2005ek,Ic,1,0.1,False,,,,
sn2005ek,Ic,2,1.1,False,,,,
sn2005ek,Ic,3,2.1,False,,,,
sn2005ek,Ic,4,3.1,False,,,,
sn2005ek,Ic,5,5.1,False,,,,
sn2005kf,Ic,0,0.0,False,,,,
sn2005kf,Ic,1,3.0,False,,,,
sn2005kf,Ic,2,8.0,False,,,,
sn2005kf,Ic,3,8.0,False,,,,
sn2005kf,Ic,4,13.0,False,,,,
sn2005kl,Ic,0,-4.0,False,,,,
sn2005kl,Ic,1,39.0,False,,,,
sn2005kl,Ic,2,70.0,False,,,,
sn2005kl,Ic,3,155.0,False,,,,
sn2005mf,Ic,0,-3.0,False,,,,
sn2005mf,Ic,1,-2.0,False,,,,
sn2005mf,Ic,2,4.0,False,,,,
sn2005mf,Ic,3,7.0,False,,,,
sn2005nb,Ic,0,-3.5,False,,,,
sn2006aj,Ic,0,-7.0,False,,,,
sn2006aj,Ic,1,-6.2,False,,,,
sn2006aj,Ic,2,-1.2,False,,,,
sn2006aj,Ic,3,-1.0,False,,,,
sn2006aj,Ic,4,-0.2,False,,,,
sn2006aj,Ic,5,0.0,False,,,,
sn2006aj,Ic,6,1.0,False,,,,
sn2006aj,Ic,7,1.8,False,,,,
sn2006aj,Ic,8,2.0,False,,,,
sn2006aj,Ic,9,2.8,False,,,,
sn2006aj,Ic,10,3.0,False,,,,
sn2006aj,Ic,11,4.0,False,,,,
sn2006aj,Ic,12,-6.0,False,,,,
sn2006aj,Ic,13,5.0,False,,,,
sn2006aj,Ic,14,6.0,False,,,,
sn2006aj,Ic,15,8.0,False,,,,
sn2006aj,Ic,16,9.0,False,,,,
sn2006aj,Ic,17,10.0,False,,,,
sn2006aj,Ic,18,198.258,False,,,,
sn2006aj,Ic,19,-5.2,False,,,,
sn2006aj,Ic,20,-5.0,False,,,,
sn2006aj,Ic,21,-4.2,False,,,,
sn2006aj,Ic,22,-3.2,False,,,,
sn2006aj,Ic,23,-3.0,False,,,,
sn2006aj,Ic,24,-2.2,False,,,,
sn2006aj,Ic,25,-2.0,False,,,,
sn2006ck,Ic,0,0.0,False,,,,
sn2006ck,Ic,1,1.0,False,,,,
sn2006ck,Ic,2,2.0,False,,,,
sn2006ck,Ic,3,3.0,False,,,,
sn2006ck,Ic,4,5.0,False,,,,
sn2006ck,Ic,5,6.0,False,,,,
sn2006ck,Ic,6,7.0,False,,,,
sn2006ck,Ic,7,8.0,False,,,,
sn2007bg,Ic,0,5.9,False,,,,
sn2007bg,Ic,1,6.9,False,,,,
sn2007bg,Ic,2,18.5,False,,,,
sn2007bg,Ic,3,27.2,False,,,,
sn2007bg,Ic,4,59.1,False,,,,
sn2007ce,Ic,0,0.0,False,,,,
sn2007ce,Ic,1,2.0,False,,,,
sn2007ce,Ic,2,4.0,False,,,,
sn2007ce,Ic,3,6.0,False,,,,
sn2007ce,Ic,4,8.0,False,,,,
sn2007ce,Ic,5,10.0,False,,,,
sn2007ce,Ic,6,12.0,False,,,,
sn2007ce,Ic,7,16.0,False,,,,
sn2007ce,Ic,8,32.0,False,,,,
sn2007cl,Ic,0,-6.4,False,,,,
sn2007cl,Ic,1,-5.9,False,,,,
sn2007D,Ic,0,-7.9,False,,,,
sn2007gr,Ic,0,7.0,False,,,,
sn2007gr,Ic,1,8.0,False,,,,
sn2007gr,Ic,2,25.0,False,,,,
sn2007gr,Ic,3,42.0,False,,,,
sn2007gr,Ic,4,45.0,False,,,,
sn2007gr,Ic,5,47.0,False,,,,
sn2007gr,Ic,6,49.0,False,,,,
sn2007gr,Ic,7,53.0,False,,,,
sn2007gr,Ic,8,69.0,False,,,,
sn2007gr,Ic,9,9.0,False,,,,
sn2007gr,Ic,10,10.0,False,,,,
sn2007gr,Ic,11,13.0,False,,,,
sn2007gr,Ic,12,14.0,False,,,,
sn2007gr,Ic,13,15.0,False,,,,
sn2007gr,Ic,14,16.0,False,,,,
sn2007gr,Ic,15,17.0,False,,,,
sn2007gr,Ic,16,20.0,False,,,,
sn2007I,Ic,0,0.0,False,,,,
sn2007I,Ic,1,5.0,False,,,,
sn2007I,Ic,2,10.0,False,,,,
sn2007I,Ic,3,63.0,False,,,,
sn2007ru,Ic,0,-3.04,False,,,,
sn2007ru,Ic,1,-0.04,False,,,,
sn2007ru,Ic,2,188.96,False,,,,
sn2007ru,Ic,3,3.96,False,,,,
sn2007ru,Ic,4,4.96,False,,,,
sn2007ru,Ic,5,8.96,False,,,,
sn2007ru,Ic,6,12.96,False,,,,
sn2007ru,Ic,7,15.96,False,,,,
sn2007ru,Ic,8,28.96,False,,,,
sn2007ru,Ic,9,35.96,False,,,,
sn2007ru,Ic,10,58.96,False,,,,
sn2007rz,Ic,0,0.0,False,,,,
sn2007rz,Ic,1,80.0,False,,,,
sn2008an,Ic,0,0.0,False,,,,
sn2008an,Ic,1,1.0,False,,,,
sn2009bb,Ic,0,-5.3,False,,,,
sn2009bb,Ic,1,-4.4,False,,,,
sn2009bb,Ic,2,41.5,False,,,,
sn2009bb,Ic,3,0.6,False,,,,
sn2009bb,Ic,4,4.5,False,,,,
sn2009bb,Ic,5,14.6,False,,,,
sn2009bb,Ic,6,15.6,False,,,,
sn2009bb,Ic,7,19.6,False,,,,
sn2009bb,Ic,8,20.6,False,,,,
sn2009bb,Ic,9,23.6,False,,,,
sn2009bb,Ic,10,27.6,False,,,,
sn2009nz,Ic,0,0.0,False,,,,
sn2010ay,Ic,0,15.7,False,,,,
sn2010ay,Ic,1,25.5,False,,,,
sn2010bh,Ic,0,-4.4,False,,,,
sn2010bh,Ic,1,-4.4,False,,,,
sn2010bh,Ic,2,1.2,False,,,,
sn2010bh,Ic,3,2.2,False,,,,
sn2010bh,Ic,4,4.1,False,,,,
sn2010bh,Ic,5,5.0,False,,,,
sn2010bh,Ic,6,5.9,False,,,,
sn2010bh,Ic,7,7.8,False,,,,
sn2010bh,Ic,8,9.7,False,,,,
sn2010bh,Ic,9,11.6,False,,,,
sn2010bh,Ic,10,14.4,False,,,,
sn2010bh,Ic,11,15.4,False,,,,
sn2010bh,Ic,12,-3.5,False,,,,
sn2010bh,Ic,13,17.3,False,,,,
sn2010bh,Ic,14,23.9,False,,,,
sn2010bh,Ic,15,29.5,False,,,,
sn2010bh,Ic,16,33.3,False,,,,
sn2010bh,Ic,17,-3.5,False,,,,
sn2010bh,Ic,18,-2.5,False,,,,
sn2010bh,Ic,19,-1.6,False,,,,
sn2010bh,Ic,20,-0.7,False,,,,
sn2010bh,Ic,21,0.3,False,,,,
sn2010bh,Ic,22,0.3,False,,,,
sn2010bh,Ic,23,1.2,False,,,,
sn2010ma,Ic,0,-5.5,False,,,,
sn2010ma,Ic,1,5.2,False,,,,
sn2010ma,Ic,2,18.2,False,,,,
sn2011bm,Ic,0,-10.6,False,,,,
sn2011bm,Ic,1,-7.6,False,,,,
sn2011bm,Ic,2,109.5,False,,,,
sn2011bm,Ic,3,234.2,False,,,,
sn2011bm,Ic,4,236.2,False,,,,
sn2011bm,Ic,5,269.5,False,,,,
sn2011bm,Ic,6,-2.9,False,,,,
sn2011bm,Ic,7,-0.9,False,,,,
sn2011bm,Ic,8,3.0,False,,,,
sn2011bm,Ic,9,16.4,False,,,,
sn2011bm,Ic,10,30.3,False,,,,
sn2011bm,Ic,11,49.8,False,,,,
sn2011bm,Ic,12,60.8,False,,,,
sn2011bm,Ic,13,108.6,False,,,,
sn2012ap,Ic,0,-5.0,False,,,,
sn2012ap,Ic,1,-3.0,False,,,,
sn2012ap,Ic,2,25.0,False,,,,
sn2012ap,Ic,3,217.3,False,,,,
sn2012ap,Ic,4,241.4,False,,,,
sn2012ap,Ic,5,247.3,False,,,,
sn2012ap,Ic,6,271.1,False,,,,
sn2012ap,Ic,7,-1.0,False,,,,
sn2012ap,Ic,8,1.0,False,,,,
sn2012ap,Ic,9,2.0,False,,,,
sn2012ap,Ic,10,4.0,False,,,,
sn2012ap,Ic,11,7.0,False,,,,
sn2012ap,Ic,12,8.0,False,,,,
sn2012ap,Ic,13,13.0,False,,,,
sn2012ap,Ic,14,14.0,False,,,,
sn2012bz,Ic,0,0.8,False,,,,
sn2012bz,Ic,1,3.9,False,,,,
sn2012bz,Ic,2,8.6,False,,,,
sn2012hn,Ic,0,-3.0,False,,,,
sn2012hn,Ic,1,4.0,False,,,,
sn2012hn,Ic,2,6.0,False,,,,
sn2012hn,Ic,3,13.0,False,,,,
sn2013cq,Ic,0,-1.3,False,,,,
sn2013dk,Ic,0,-1.0,False,,,,
sn2013dx,Ic,0,-5.0,False,,,,
sn2013dx,Ic,1,-5.0,False,,,,
sn2013dx,Ic,2,6.4,False,,,,
sn2013dx,Ic,3,10.7,False,,,,
sn2013dx,Ic,4,13.4,False,,,,
sn2013dx,Ic,5,16.9,False,,,,
sn2013dx,Ic,6,19.5,False,,,,
sn2013dx,Ic,7,23.0,False,,,,
sn2013dx,Ic,8,-3.2,False,,,,
sn2013dx,Ic,9,-1.5,False,,,,
sn2013dx,Ic,10,-0.7,False,,,,
sn2013dx,Ic,11,1.3,False,,,,
sn2013dx,Ic,12,1.3,False,,,,
sn2013dx,Ic,13,2.3,False,,,,
sn2013dx,Ic,14,4.6,False,,,,
sn2013dx,Ic,15,4.6,False,,,,
sn2014ad,Ic,0,34.0,False,,,,
sn2014ad,Ic,1,43.0,False,,,,
sn2014ad,Ic,2,346.0,False,,,,
sn2014l,Ic,0,-5.0,False,,,,
sn2014l,Ic,1,0.0,False,,,,
sn2014l,Ic,2,2.0,False,,,,
sn2016dsg,Ic,0,4.0,False,,,,
sn2016dsg,Ic,1,14.0,False,,,,
sn2016iae,Ic,0,-4.0,False,,,,
sn2016iae,Ic,1,-2.0,False,,,,
sn2016iae,Ic,2,-1.0,False,,,,
sn2016iae,Ic,3,0.0,False,,,,
sn2016iae,Ic,4,26.0,False,,,,
sn2016iae,Ic,5,45.0,False,,,,
sn2016iae,Ic,6,57.0,False,,,,
sn2016iae,Ic,7,95.0,False,,,,
sn2016iae,Ic,8,104.0,False,,,,
sn2016p,Ic,0,-1.0,False,,Galaxy,0.000500,9.126
sn2016p,Ic,1,7.0,False,,Galaxy,-0.000783,7.926
sn2016p,Ic,2,18.0,False,,Galaxy,-0.000359,10.128
sn2016p,Ic,3,27.0,False,,Galaxy,-0.000222,14.756
sn2017dcc,Ic,0,6.0,False,,,,
sn2017dcc,Ic,1,7.0,False,,,,
sn2017dcc,Ic,2,13.0,False,,,,
sn2017dcc,Ic,3,15.0,False,,,,
sn2017dcc,Ic,4,46.0,False,,,,
sn2017dio,Ic,0,-5.0,False,,Galaxy,-0.000765,10.835
sn2017dio,Ic,1,-4.0,False,,Galaxy,-0.000152,13.893
sn2017dio,Ic,2,28.0,False,,Galaxy,-0.000580,9.390
sn2017gax,Ic,0,5.0,False,,,,
sn2017gax,Ic,1,8.0,False,,,,
sn2017gax,Ic,2,14.0,False,,,,
sn2017gax,Ic,3,28.0,False,,,,
sn2017gax,Ic,4,68.0,False,,,,
sn2017gax,Ic,5,121.0,False,,,,
sn2017iuk,Ic,0,-3.0,False,,,,
sn2017iuk,Ic,1,-1.0,False,,,,
sn2017iuk,Ic,2,1.0,False,,,,
sn2017iuk,Ic,3,10.0,False,,,,
sn2017iuk,Ic,4,11.0,False,,,,
sn2017iuk,Ic,5,13.0,False,,,,
sn2017iuk,Ic,6,14.0,False,,,,
sn2018ec,Ic,0,-10.0,False,,Galaxy,0.000172,24.097
sn2018ec,Ic,1,-5.0,False,,Galaxy,0.000269,22.897
sn2018ec,Ic,2,25.0,False,,Galaxy,0.000410,23.880
sn2018ec,Ic,3,47.0,False,,Galaxy,0.000435,39.098
sn2018fwm,Ic,0,22.0,False,,,,
sn2018fwm,Ic,1,236.0,False,,Galaxy,-0.002434,13.798
sn2018fwm,Ic,2,236.0,False,,Galaxy,-0.002170,15.291
sn2018gsk,Ic,0,4.0,False,,,,
sn2018gsk,Ic,1,11.0,False,,,,
sn2018gsk,Ic,2,19.0,False,,,,
sn2018gsk,Ic,3,32.0,False,,,,
sn2018gsk,Ic,4,48.0,False,,,,
sn2018gsk,Ic,5,72.0,False,,,,
sn2019ape,Ic,0,9.0,False,,,,
sn2019ape,Ic,1,26.0,False,,,,
sn2019ape,Ic,2,37.0,False,,,,
sn2019bkc,Ic,0,3.0,False,,,,
sn2019bkc,Ic,1,5.0,False,,,,
sn2021csp,Icn,0,1.0,False,,,,
sn2021csp,Icn,1,4.0,False,,,,
